Symbol_1,periodOfReport,employeeCount
III.L,,
ABE.MC,,
ABM,2024-10-31,117000
ABT,2023-12-31,114000
ADN.L,,
A2A.MI,,
BGA.JO,,
ACC.BO,,
ANA.MC,,
AC.PA,,
ACX.MC,,
ADP.PA,,
ADM.L,,
unknown,,
AIP.JO,,
ADEN.SW,,
AGN.AS,,
AGS.L,,
8267.T,,
ABBN.SW,,
MMM,2024-12-31,61500
ANF,2024-02-03,31700
ACE.MI,,
ADBE,2024-11-29,30709
AMD,2024-12-28,28000
GETI4.SA,,
AET,,
AFL,2023-12-31,12785
AXL.JO,,
ARI.JO,,
A,2024-10-31,17900
2802.T,,
AHL1V.HE,,
AC.TO,,
AF.PA,,
AI.PA,,
AIR.NZ,,
APD,2024-09-30,23000
ALU.PA,,
AKBNK.IS,,
AKAM,2022-12-31,9800
AKZA.AS,,
AA,2023-12-31,13600
AGN,,
ALN1V.HE,,
AOI,,
ATST.L,,
ALL,2023-12-31,53000
ALV.DE,,
AEL.JO,,
ALBK.L,,
AWC.AX,,
ALO.PA,,
AOX.DE,,
MO,2023-12-31,6400
1154Z,,
AMEAS.HE,,
AAL,2023-12-31,132100
AEE,2023-12-31,0
AMC.AX,,
AMFW.L,,
AXP,2024-12-31,75100
AMGN,2024-12-31,200000
AML.L,,
AMP.AX,,
APC,,
AAL.L,,
AMS.JO,,
ANG.JO,,
APA.AX,,
STS.MI,,
ANTO.L,,
AON,2023-12-31,50000
ATR,2024-12-31,13500
ARCAD.AS,,
ACL.JO,,
ARX.TO,,
MT.AS,,
ARM.L,,
2502.T,,
5201.T,,
3407.T,,
4503.T,,
APN.JO,,
G.MI,,
ATK.L,,
AZN.L,,
2357.TW,,
ASX.AX,,
T,2024-12-31,140990
ATEA.OL,,
ATL.MI,,
ATCO-A.ST,,
ATO.PA,,
ATA.TO,,
2409.TW,,
AIA.NZ,,
ANZ.AX,,
AMS.SW,,
ADSK,2024-01-31,14100
ADP,2024-06-30,64000
3414924Q,,
AEG.JO,,
AVY,2023-12-30,35000
AV.L,,
AVP,,
CS.PA,,
SPR.DE,,
AXFO.ST,,
BBY.L,,
BA.L,,
BHGE,,
BES.LS,,
BMPS.MI,,
BBDC3.SA,,
BCP.LS,,
BBAS3.SA,,
GALI,,
BMO.TO,,
SAB.MC,,
BO.CO,,
POP.MC,,
SAN.MC,,
BAC,2023-12-31,213000
BCVN.SW,,
BK,2022-12-31,51700
BNS.TO,,
BKT.MC,,
BARC.L,,
BAS.DE,,
BAW.JO,,
BLKB.SW,,
BSKP.SW,,
BAX,2023-12-31,60000
BAYN.DE,,
BBVA.MC,,
BCE.TO,,
BEZ.L,,
BDX,2024-09-30,74000
BEKN.SW,,
PROX.BR,,
BEN.AX,,
BBY,2024-02-03,85000
BG/.L,,
BHP.AX,,
BB.PA,,
BIIB,2024-12-31,200000
BNP.PA,,
BMW.DE,,
BON.PA,,
BA,2024-12-31,58000
BOL.ST,,
1015Z.L,,
BP.L,,
EN.PA,,
BVS.L,,
BRKM3.SA,,
BMY,2024-12-31,34100
8179618Q.L,,
BATS.L,,
BLND.L,,
SKY.L,,
BRCM,,
BR,2024-06-30,14600
BAM-A.TO,,
BF-A,2024-04-30,5700
BT-A.L,,
BNZL.L,,
BRBY.L,,
BWP.AX,,
BVI.PA,,
BZU.MI,,
CA,,
GCC.L,,
CNE.L,,
CXGD.LS,,
CPB,2024-07-28,14400
CNR.TO,,
CP.TO,,
CTC.TO,,
CM.TO,,
7751.T,,
COF,2023-12-31,51987
CAP.PA,,
3091Z,,
CAH,2024-06-30,48900
CLLN.L,,
CCL,2024-11-30,160000
CA.PA,,
CBG,,
CO.PA,,
6952.T,,
CYT.TO,,
0293.HK,,
CGL.L,,
CCL-A.TO,,
CELG,2018-12-31,8852
CEMEXCPO.MX,,
CNP,2023-12-31,0
ELET6.SA,,
CLSC4.SA,,
CNA.L,,
CEQ.OL,,
NVN.AX,,
028260.KS,,
CVX,2023-12-31,45600
3481.TW,,
2002.TW,,
CMIG3.SA,,
CESP3.SA,,
PCAR3.SA,,
2412.TW,,
CSCO,2024-07-27,90400
CIE.MC,,
CIEN,2024-11-02,8657
CI,2023-12-31,72500
C,2023-12-31,239000
CIT,2020-12-31,4500
CLN.SW,,
CLASB.ST,,
0002.HK,,
CLX,2024-06-30,8000
CU.PA,,
COB.L,,
CMS,2024-12-31,0
CNP.PA,,
CL,2024-12-31,34000
CCL.AX,,
COLBUN.SN,,
KO,2023-12-31,79100
CCE,,
CCA.TO,,
CTSH,2024-12-31,336800
CBK.DE,,
COLOB.CO,,
COLT.L,,
CMA,2022-12-31,7280
CCRO3.SA,,
CBA.AX,,
2324.TW,,
CFR.SW,,
CPWR,2023-12-31,2
SBSP3.SA,,
CAG,2024-05-26,18500
COP,2023-12-31,9900
CNX,2024-12-31,458
ED,2023-12-31,14592
STZ,2024-02-29,10600
CON.DE,,
5021.T,,
CPFE3.SA,,
CWK.L,,
CSGN.SW,,
CVAL.MI,,
ACA.PA,,
CSL.AX,,
CRST.L,,
CRH.L,,
CABK.MC,,
CWN.AX,,
CRDA.L,,
CY,,
CSX,2023-12-31,23000
CMI,2024-12-31,69600
CVS,2024-12-31,300000
047040.KS,,
000210.KS,,
006800.KS,,
7912.T,,
4202.T,,
6367.T,,
4568.T,,
DAI.DE,,
DCG.L,,
1925.T,,
BN.PA,,
DANSKE.CO,,
DRI,2024-05-26,191105
8163.TW,,
DE,2024-10-27,75847
DCC.L,,
DLAR.L,,
DF,,
DLPH,,
DAL,2024-12-31,103000
DELL,2024-02-02,120000
191738Z,,
4324.T,,
DLN.L,,
DXS.AX,,
DBK.DE,,
DB11,,
DPB.DE,,
DPW.DE,,
DTE.DE,,
DVN,2023-12-31,1900
DGE.L,,
DIGI.KL,,
DTV,,
DSY.JO,,
DNO.OL,,
DST.JO,,
DOW,2024-12-31,36000
DOM.L,,
005830.KS,,
042670.KS,,
034020.KS,,
5714.T,,
DPS,,
DOW.AX,,
DTE,2024-12-31,9500
GEPA4.SA,,
DTEX3.SA,,
EOAN.DE,,
DD,2024-12-31,24000
ECL,2023-12-31,48000
KODK,2023-12-31,4000
ETN,2023-12-31,94000
EBAY,2023-12-31,12300
ENBR3.SA,,
EDP.LS,,
ECM.L,,
ELUXB.ST,,
EKTA-B.ST,,
EKO.OL,,
EDF.PA,,
LLY,2023-12-31,43000
EMBR3.SA,,
EMC,,
ELISA.HE,,
ELT.OL,,
2331.TW,,
ENG.MC,,
EMA.TO,,
EHL.AX,,
EMI.JO,,
EBK.DE,,
ECA.TO,,
ENEL.MI,,
ENB.TO,,
ELE.MC,,
ERF.TO,,
ENI.MI,,
ETR,2023-12-31,12177
ERIC-B.ST,,
EBS,2023-12-31,1600
0988125D,,
ESOIL.BO,,
EI.PA,,
EL,2024-06-30,1430
ERM.L,,
EVN,,
EXC,2024-12-31,104
XOM,2023-12-31,61500
EXX.JO,,
FITB,2023-12-31,18724
FDX,2024-05-31,241000
FER.MC,,
FCAU,,
LDO.MI,,
FIA1S.HE,,
FTT.TO,,
ESNT.L,,
FGP.L,,
FCR.TO,,
FSLR,2023-12-31,6700
FSR.JO,,
FBU.NZ,,
FLS.CO,,
FLR,2023-12-31,20340
7947.T,,
BEN,2024-09-30,10200
FRA.DE,,
ORA.PA,,
FOE.OL,,
FRES.L,,
6504.T,,
5803.T,,
7270.T,,
FUXRZ.T,,
4901.T,,
6702.T,,
5801.T,,
VIFN.SW,,
GFS.L,,
GALP.LS,,
GPS,2024-02-03,85000
4449001Z.L,,
GAS.MC,,
GTO.AS,,
GEBN.SW,,
ENGI.PA,,
GFC.PA,,
GIS,2024-05-26,34000
GM,2024-12-31,90000
GE,2024-12-31,53000
GNW,2023-12-31,2700
GF.SW,,
WN.TO,,
GIVN.SW,,
GXI.DE,,
GETI-B.ST,,
GSK.L,,
GOG.L,,
GFI.JO,,
G.TO,,
GS,2023-12-31,45300
GOOG,2024-12-31,183323
GT,2024-12-31,68000
UNLS,,
GRI.L,,
GPOR.L,,
GNK.L,,
RIA.PA,,
GRT.JO,,
GRF.MC,,
GND.JO,,
GRF.JO,,
GET.PA,,
AIM.TO,,
006360.KS,,
HMB.ST,,
HAL,2024-12-31,48000
HLMA.L,,
HHFA.DE,,
HNA.OL,,
161390.KS,,
117930.KS,,
HNR1.DE,,
HAR.JO,,
HAV.PA,,
HIG,2022-12-31,18800
HAS,2022-12-25,6490
HAS.L,,
HCLT.BO,,
HDFCB.BO,,
HTO.AT,,
HEI.DE,,
HEIA.AS,,
JHG.L,,
HEN3.DE,,
HER.MI,,
HELN.SW,,
HES,2023-12-31,1756
HIK.L,,
6305.T,,
6501.T,,
4217.T,,
HZ.BO,,
HSX.L,,
HOT.DE,,
HOLM-B.ST,,
LHN.SW,,
HD,2024-01-28,463100
HCI.JO,,
HOME.L,,
011170.KS,,
0006.HK,,
7267.T,,
.0044HK,,
HSP,,
HST,2023-12-31,163
HSBA.L,,
HUBN.SW,,
HLM.JO,,
HUM,2023-12-31,67600
000660.KS,,
000720.KS,,
IBE.MC,,
005380.KS,,
001450.KS,,
011200.KS,,
012330.KS,,
004020.KS,,
4062.T,,
ICAD.PA,,
WCN.TO,,
IMP.JO,,
IEM.L,,
NK.PA,,
7013.T,,
ILV.JO,,
IPL.JO,,
IMB.L,,
IDR.MC,,
ITX.MC,,
INGA.AS,,
IAG.TO,,
INH.DE,,
024110.KS,,
INDUA.ST,,
IFN.AX,,
INFO.BO,,
IDFC.BO,,
IOF.AX,,
IR,2023-12-31,18000
IMN.TO,,
1605.T,,
ICP.L,,
IBM,2023-12-31,282200
INTC,2024-12-28,108900
IFC.TO,,
IAG.AX,,
IVZ,2023-12-31,8500
IFF,2023-12-31,21500
IP,2023-12-31,39000
ISP.MI,,
INTU,2024-07-31,18800
INVEA.ST,,
IVC.AX,,
IPS.PA,,
ISAGEN,,
ITE.L,,
ITC.BO,,
ISS.CO,,
IT.MI,,
ITSA4.SA,,
ITUB3.SA,,
JBL,2024-08-31,138000
JBSS3.SA,,
VIAV,2024-06-29,3600
JMT.LS,,
JM.ST,,
JMAT.L,,
JNJ,2024-12-29,138100
JLL,2023-12-31,106
JSE.JO,,
JPM,2024-12-31,317233
JNPR,2023-12-31,11144
4452.T,,
1812.T,,
105560.KS,,
9107.T,,
7012.T,,
9433.T,,
002380.KS,,
K,2023-12-30,23000
KEMIRA.HE,,
0273412D.TO,,
KIE.L,,
KESAV.HE,,
KEY,2023-12-31,17333
2503.T,,
KIM,2023-12-31,660
KMB,2024-12-31,38000
KGF.L,,
K.TO,,
9041.T,,
5406.T,,
KPG.NZ,,
KLBN4.SA,,
LI.PA,,
1012Z.OL,,
KSS,2024-02-03,2023
7984.T,,
6301.T,,
KNEBV.HE,,
KOG.OL,,
4902.T,,
KBC.DE,,
KRFT,,
3405.T,,
KRN.DE,,
030200.KS,,
033780.KS,,
KNIN.SW,,
6326.T,,
KIO.JO,,
OR.PA,,
LG.PA,,
LAND.L,,
LXS.DE,,
LT.BO,,
LAT1V.HE,,
LVS,2024-12-31,40300
NOT,,
LR.PA,,
LM,,
CIM.AX,,
LEM1S.HE,,
LGEN.L,,
LSG.OL,,
LBH.JO,,
LEVI,2024-12-01,18700
LXK,,
051910.KS,,
066570.KS,,
051900.KS,,
LIGT3.SA,,
1255459D,,
LB,,
6955017Z.L,,
0823.HK,,
4912.T,,
LLOY.L,,
2301.TW,,
LREN3.SA,,
LMT,2024-12-31,121000
LSE.L,,
LMI.L,,
LOW,2024-02-02,168000
LSI,2022-12-31,2508
LUN.CO,,
LUPE.ST,,
MC.PA,,
MM.BO,,
MOL.BD,,
MAY.KL,,
MAN.DE,,
MKS.L,,
MAR,2024-12-31,155000
MFC.TO,,
MAP.MC,,
MRFG3.SA,,
MHG.OL,,
4614Z,,
MMC,2024-12-31,0
MSLH.L,,
MRVL,2024-02-03,6577
MAS,2024-12-31,18000
MSM.JO,,
7261.T,,
MAT,2023-12-31,33000
MCB.L,,
SPGI,2024-12-31,42350
MWV,,
MEDAA.ST,,
MDC.JO,,
MB.MI,,
MDT,2024-04-26,35000
MRK.DE,,
MRK,2023-12-31,72000
CEC.DE,,
MTS.AX,,
MMI.JO,,
METSO.HE,,
MSFT,2024-06-30,228000
MLC.L,,
MIC.ST,,
037620.KS,,
MGR.AX,,
7011.T,,
MTO.L,,
5711.T,,
4188.T,,
6503.T,,
4183.T,,
8306.T,,
8411.T,,
9104.T,,
MON,2021-12-31,5
MOL,,
TAP,2023-12-31,16500
MTGA.ST,,
MN.MI,,
0133220D,,
MND.AX,,
MNDI.L,,
MRW.L,,
MOS,2023-12-31,14049
MGAM.L,,
MGNS.L,,
MS,2023-12-31,80000
MTN.JO,,
0066.HK,,
MGPI,2023-12-31,705
6981.T,,
MUV2.DE,,
MUR.JO,,
9044.T,,
NPK.JO,,
NDAQ,2023-12-31,8525
ETE.AT,,
8367.T,,
NAB.AX,,
NA.TO,,
NEX.L,,
NG.L,,
NCCA.ST,,
NATU3.SA,,
6701.T,,
NED.JO,,
NESTE.HE,,
NESN.SW,,
NTC.JO,,
NTAP,2024-04-26,11800
CLS.JO,,
NCM.AX,,
NEM,2023-12-31,21700
FOX,2024-06-30,10200
NHH.MC,,
NXI.PA,,
7731.T,,
9432.T,,
NI,2024-12-31,7687
4612.T,,
9101.T,,
7240.T,,
8604.T,,
NOKIA.HE,,
7201.T,,
6988.T,,
3105.T,,
NKT.CO,,
NOBI.ST,,
NDA.ST,,
NSC,2024-12-31,20200
NDX1.DE,,
NHM.JO,,
ES,2024-12-31,10680
NTRS,2023-12-31,23100
NOC,2024-12-31,97000
NPRO.OL,,
NOVOB.CO,,
NZYMB.CO,,
NOVN.SW,,
NVTK,,
NRG,2023-12-31,18131
6471.T,,
9613.T,,
9437.T,,
6472.T,,
8933.T,,
NVDA,2024-01-28,29600
1802.T,,
0686576D,,
OHL.MC,,
ODPV3.SA,,
ODF.OL,,
POST,2024-09-30,11480
OML.L,,
7733.T,,
OMV,,
ARI.AX,,
OMC,2024-12-31,74900
6645.T,,
ST,2023-12-31,0
1272705D.TO,,
ORCL,2024-05-31,159000
9532.T,,
ORK.OL,,
ORA,2023-12-31,1576
ORI.ST,,
8591.T,,
OUT1V.HE,,
OTE1V.HE,,
2343.HK,,
OC,2023-12-31,18000
PNA.AX,,
6752.T,,
PWTN.SW,,
PGHN.SW,,
PH,2024-06-30,61120
1615842Z.L,,
IGTE,,
PEABB.ST,,
PSON.L,,
PGF.TO,,
PNN.L,,
OBE.TO,,
RI.PA,,
POM,,
PPT.AX,,
PKI,2023-12-31,11500
PEP,2024-12-28,319000
PSN.L,,
PGS.OL,,
PETR3.SA,,
PCG,2024-12-31,28400
PFE,2023-12-31,88000
PHIA.AS,,
PM,2024-12-31,83100
PIK.JO,,
6773.T,,
PC.MI,,
PBI,2023-12-31,10500
PNC,2023-12-31,54813
PCL,,
PSSA3.SA,,
005490.KS,,
KER.PA,,
PHR.LS,,
PX,2023-12-31,252
PFL.L,,
PPC.JO,,
PMO.L,,
PFG,2023-12-31,19800
PLD,2024-12-31,1800
PFG.L,,
PSPN.SW,,
PTTEP.BK,,
PTT.BK,,
PRU,2024-12-31,161
QQ.L,,
PUB.PA,,
QAN.AX,,
PUM.DE,,
QCE.DE,,
QBE.AX,,
2352.TW,,
DGX,2023-12-31,48000
REE,2023-12-31,244
RAK.NZ,,
RBI,,
RRS.L,,
RAT.L,,
RTN,,
RDF.JO,,
RKT.L,,
REL.L,,
RNO.PA,,
REM.JO,,
RENE.LS,,
3941.T,,
RSW.L,,
REP.MC,,
BB.TO,,
RTO.L,,
RLO.JO,,
7752.T,,
0161814Z,,
RBA.TO,,
RIO.AX,,
5947.T,,
ROG.SW,,
COL,,
ROCKB.CO,,
ROK,2024-09-30,27000
RCI-B.TO,,
RR.L,,
RCL,2024-12-31,106000
RBS.L,,
RY.TO,,
RSA.L,,
KPN.AS,,
RDSA.L,,
RWE.DE,,
RUS.TO,,
SK.PA,,
R,2024-12-31,50700
SAABB.ST,,
SGO.PA,,
CRM,2024-01-31,72682
010140.KS,,
000830.KS,,
028050.KS,,
000810.KS,,
005930.KS,,
009150.KS,,
006400.KS,,
012450.KS,,
SNDK,,
SAP.JO,,
2501.T,,
SAN.PA,,
STO.AX,,
SNT.JO,,
SAP.DE,,
SCAB.ST,,
SAS.ST,,
SOL.JO,,
SCS.BO,,
SVS.L,,
SCVB.ST,,
SLB,2024-12-31,110000
SU.PA,,
SCHA.OL,,
SDR.L,,
SSE.L,,
SCC.TO,,
STX,2024-06-28,30000
SECUB.ST,,
SGRO.L,,
4204.T,,
1928.T,,
SRE,2023-12-31,4774
6724.T,,
SRP.L,,
SESG.PA,,
SVT.L,,
3382.T,,
VEDL.BO,,
8410.T,,
SGSN.SW,,
SHB.L,,
6753.T,,
1803.T,,
4063.T,,
SHW,2023-12-31,64088
4911.T,,
055550.KS,,
SIAL,,
SRCM.BO,,
SIE.DE,,
SIK.SW,,
2325.TW,,
SHI.L,,
SPG,2023-12-31,3000
017670.KS,,
SKAB.ST,,
SNC.TO,,
SN.L,,
SRG.MI,,
SKG.L,,
SOLB.BR,,
GLE.PA,,
SW.PA,,
SWVK.DE,,
SOLARB.CO,,
010950.KS,,
MEL.MC,,
SON.LS,,
SNC.LS,,
6758.T,,
SOON.SW,,
8630.T,,
LUV,2024-12-31,72450
SE,2023-12-31,62700
S,2024-01-31,2300
SDY.L,,
SL/.L,,
STAN.L,,
STJ.L,,
SGC.L,,
SBK.JO,,
SBUX,2024-09-29,361000
HOT,,
SPLS,,
SWK,2023-12-30,50500
STN.TO,,
STT,2024-12-31,53000
SGP.AX,,
STLT.BO,,
SCS,2024-02-23,11300
STB.OL,,
STMN.SW,,
8053.T,,
SEV.PA,,
4005.T,,
SUN.SW,,
5802.T,,
SLF.TO,,
5110.T,,
5713.T,,
1911.T,,
6302.T,,
SU.TO,,
SDL.AX,,
0019.HK,,
SHBA.ST,,
SWEDA.ST,,
SWMA.ST,,
SYR.L,,
SREN.SW,,
SLHN.SW,,
SCMN.SW,,
SYMC,,
SY1.DE,,
SYNN.SW,,
SYY,2024-06-29,76000
TROW,2024-12-31,7906
1801.T,,
2330.TW,,
TPWR.BO,,
TCS.BO,,
TTCH.BO,,
TLV1V.HE,,
4502.T,,
TGT,2024-02-03,415000
TATA.BO,,
TATE.L,,
TW.L,,
TDC.CO,,
TECHM.BO,,
TRE.MC,,
TEKNF,,
SPK.NZ,,
3401.T,,
TEF.MC,,
TLAB,,
TELIA.ST,,
TKA,,
TEL.OL,,
TKG.JO,,
TLS.AX,,
T.TO,,
TER,,
TSCO.L,,
TRN.MI,,
HO.PA,,
HSY,,
SPP.JO,,
WBC.AX,,
TIMP3.SA,,
TRI.TO,,
TKA.DE,,
TCH.PA,,
TBS.JO,,
TWX,,
TJX,,
X.TO,,
1860.T,,
TNTE.AS,,
3289.T,,
TOL.AX,,
8035.T,,
8766.T,,
9531.T,,
6502.T,,
TOM.OL,,
TON.JO,,
TOP.CO,,
7911.T,,
TD.TO,,
3402.T,,
FP.PA,,
5332.T,,
3101.T,,
6201.T,,
7203.T,,
TRP.TO,,
TCL-A.TO,,
TPK.L,,
TNI.L,,
TCW.TO,,
TRELB.ST,,
4540.T,,
TRU.JO,,
TRYG.CO,,
UBI.MI,,
UAL,2023-12-31,103300
TT/.L,,
USB,2023-12-31,75465
TUI.L,,
UL.PA,,
8113.T,,
UCG.MI,,
UIS,2023-12-31,16500
ULVR.L,,
UTG.L,,
UNP,2024-12-31,32439
UNI.MI,,
UU.L,,
UNH,2022-12-31,400000
UTX,,
UBM.L,,
2303.TW,,
UPS,2023-12-31,500000
X,2024-12-31,123000
UNM,2023-12-31,10812
VALE3.SA,,
VK.PA,,
VIE.PA,,
VER,2020-12-31,160
VED.L,,
VEI.OL,,
VZ,2024-12-31,99600
VWS.CO,,
VID.MC,,
DG.PA,,
2588Z.L,,
VC,2023-12-31,10000
VONN.SW,,
VOW3.DE,,
VOD.L,,
VIV.PA,,
WALMEX*.MX,,
VWR,,
WCH.DE,,
DIS,2024-09-28,233000
WMT,2024-01-31,2100000
WRT1V.HE,,
WHS.NZ,,
WM,2023-12-31,48000
WFT,,
WAT,2023-12-31,7900
WEGE3.SA,,
WEIR.L,,
WFC,2023-12-31,226000
WHA.AS,,
WES.AX,,
ANTM,,
9021.T,,
SMWH.L,,
WY,2024-12-31,9440
WFD.AX,,
WHR,2024-12-31,44000
WTB.L,,
1415258Z.L,,
WFM,,
WOS.L,,
WKL.AS,,
WBO.JO,,
WPRO.BO,,
WPL.AX,,
WHL.JO,,
WOW.AX,,
WPP.L,,
WKP.L,,
8176888Z,,
0321382Z,,
XRX,2023-12-31,20100
XEL,2023-12-31,11311
XCH.L,,
WSP.TO,,
WYN,,
6845.T,,
7951.T,,
YRI.TO,,
AABA,,
YUM,2023-12-31,35000
YES.BO,,
5101.T,,
AKENR.IS,,
CCOLA.IS,,
GARAN.IS,,
HALKB.IS,,
TSKB.IS,,
VESTL.IS,,
011070.KS,,
108670.KS,,
ACN,2024-08-31,774000
CB,2023-12-31,40000
6770.T,,
DOX,2024-09-30,6000
ADS.DE,,
3231.TW,,
OLAM,,
NOBL,,
0992.HK,,
1402.TW,,
MQG.AX,,
CHC.AX,,
AQP.AX,,
OIBR3.SA,,
FIBR3.SA,,
BRML3.SA,,
CSMG3.SA,,
2382.TW,,
TECK-A.TO,,
DNB.OL,,
CPLE3.SA,,
021240.KS,,
3044.TW,,
AIR.PA,,
TCG.L,,
BWNG.L,,
2356.TW,,
BKG.L,,
RPS.L,,
1206031Z.L,,
COST.L,,
LIN.DE,,
DLG.DE,,
CWC.DE,,
5AB.DE,,
IIB.BO,,
6268.T,,
TED.L,,
9513.T,,
010120.KS,,
2579.T,,
METSB.HE,,
KLED.ST,,
KBHL.CO,,
ICL.TA,,
ABI.BR,,
SJM,2024-04-30,100
JEC,,
DOF.OL,,
DNORD.CO,,
JCP,,
IRM,2024-12-31,11150
BILL.ST,,
UBSN.SW,,
IHG.L,,
006120.KS,,
CONCHA.SN,,
PFC.L,,
WALLB.ST,,
PIC.L,,
6121.TW,,
BVT.JO,,
UGL.AX,,
DELB.BR,,
CCH.L,,
FR.PA,,
GFNORTEO.MX,,
BVMF3.SA,,
SNR.L,,
SHP.L,,
DUE.DE,,
TTKOM.IS,,
GWW,2023-12-31,26000
WDC,2024-06-28,51000
V,2024-09-30,31600
VFC,2024-03-30,30000
VTR,2024-12-31,498
VAR,,
VOD.JO,,
SLM.JO,,
SGRE.MC,,
TFI.PA,,
BAP,2023-12-31,37074
SEBA.ST,,
HFG.L,,
IRV.L,,
IPF.L,,
HLCL.L,,
STM.MI,,
FWEB.L,,
EXPN.L,,
CIEL3.SA,,
WES.AS,,
HEIJM.AS,,
DSM.AS,,
BANIF.LS,,
BAMNB.AS,,
TIE1V.HE,,
STCAS.HE,,
STERV.HE,,
VAIAS.HE,,
STL.OL,,
SOFF.OL,,
REC.OL,,
NRE1V.HE,,
HCN,,
WG.L,,
SBRY.L,,
HCP,2024-01-31,2200
FCX,2024-12-31,28500
INL.JO,,
OCE.JO,,
561935Z,,
0122952D,,
SON,2023-12-31,23000
0351562D,,
YUNSA.IS,,
MLHR,2024-06-01,10200
0084962D,,
TUPY3.SA,,
EDW.L,,
7672751Z.L,,
300363.SZ,,
SVR,,
7225Z,,
1073704D.L,,
1105106Z.L,,
KCOM.L,,
88030Z.CO,,
CVE.TO,,
1083066Z.L,,
MLS,,
ENOC,,
4471711Z.L,,
5020.T,,
0863739D,,
764144Q,,
5092Z,,
8218497Z,,
0123348D,,
0575318D,,
DELT.TA,,
0303130Z,,
HBI,2024-12-28,41000
3273Z,,
1147007Z.L,,
MTCL.BO,,
1056Z.SW,,
SPWR,2023-01-01,170
0539909D,,
0007073D,,
BICB3.SA,,
RANI4.SA,,
AFB.ST,,
EVRY.OL,,
IRE.MI,,
CHR.CO,,
YNAP.MI,,
RBP.JO,,
TNET.BR,,
COFB.BR,,
BEFB.BR,,
SANB3.SA,,
JUP.L,,
TALK.L,,
XPP.L,,
CTL,,
034730.KS,,
8725.T,,
GRONT.AS,,
JBHT,2023-12-31,34718
071320.KS,,
THI.TO,,
NNB.ST,,
7735.T,,
ATS,2024-03-31,0
MMFS.BO,,
TGBL.BO,,
LULU,2024-01-28,38000
NFX,,
UPM1V.HE,,
MSI,2024-12-31,21000
ABG.MC,,
INTEGRC1,,
SOTL.BO,,
6444.T,,
7379247Z.PA,,
H,2024-12-31,227000
1552993D,,
0178007D,,
3970108Z.CO,,
ITEC3.SA,,
DBRE3.SA,,
2485.TW,,
MBDZ.T,,
BSR.JO,,
8179986Z.SA,,
1485758D.SA,,
LAYN,,
4485043ZUS,,
TILE,2023-01-01,3671
9243917Z,,
0003712D,,
38263Z.SA,,
495294Z.MC,,
ELPL4.SA,,
7580836Z,,
BPOST.BR,,
AZJ.AX,,
IAG.L,,
139130.KS,,
BHY.L,,
PTTGC.BK,,
CNU.NZ,,
6754.T,,
BC.SW,,
0219210Z,,
3471930Z,,
7121629Z.DE,,
6175567Z.SA,,
GMCR,,
MAN,,
222691Z.PA,,
CTT.LS,,
0545275D,,
4113058Z.SN,,
KORAILZ.KS,,
OUTR,,
CSTM,,
1824.T,,
MDLZ,,
5330Z,,
TME.NZ,,
1616282Z.L,,
EXSAI,,
GSIT,,
MLIFE.BO,,
0145694D,,
ALTA.PA,,
CNHI,,
RFP,,
6857.T,,
AFE.JO,,
ACS.MC,,
AGL.AX,,
AKER.OL,,
ALTR,,
ACEM.BO,,
AEP,,
AAPL,,
AMAT,,
AIO.AX,,
7936.T,,
ASSAB.ST,,
AVB,,
BTOW3.SA,,
BLL,,
381469Z.L,,
ABX.TO,,
1115351Z.L,,
BC8.DE,,
BEI.DE,,
BYG.L,,
BXB.AX,,
BVIC.L,,
CTX.AX,,
CNQ.TO,,
CLS.TO,,
CEP.MC,,
CSNA3.SA,,
9876566D,,
4519.T,,
CPG.L,,
CPG.TO,,
8750.T,,
4506.T,,
1878.T,,
8601.T,,
2308.TW,,
DLM,,
5132650Z.TO,,
DNO.L,,
DRX.L,,
DRRD.BO,,
ZIL2.DE,,
4379945Z.L,,
EXPD,2023-12-31,18000
BMOABBD.TO,,
4282549Z.MC,,
FDR.PA,,
FLEX,2024-03-31,148000
FORTUM.HE,,
F,2024-12-31,171000
GAIL.BO,,
GFRD.L,,
2376.TW,,
GOLL4.SA,,
GPT.AX,,
GWO.TO,,
GRG.L,,
6674.T,,
8359.T,,
HMSO.L,,
CZR,2023-12-31,51000
HNGI.BO,,
HBM.TO,,
HBAN,2024-12-31,0
HSE.TO,,
IMG.TO,,
IGM.TO,,
SAL.MI,,
ING.PA,,
ITRK.L,,
4155861Z.L,,
2914.T,,
JLG.L,,
JSTL.BO,,
5938.T,,
KBC.BR,,
KBANK.BK,,
KNL,,
036460.KS,,
015760.KS,,
6370.T,,
2651.T,,
003550.KS,,
032640.KS,,
LNC,2023-12-31,11024
LAME3.SA,,
LUN.TO,,
MCD,2023-12-31,150000
ESRX,,
MCHP,2024-03-31,22300
3706.TW,,
KN.PA,,
NAV,2020-10-31,0
NEX.PA,,
NWL,2024-12-31,23700
NXT.L,,
5334.T,,
4272.T,,
9062.T,,
NBL,,
4307.T,,
ORG.AX,,
PFG.JO,,
TPEIR.AT,,
POW.TO,,
PWF.TO,,
PRU.L,,
QBR/A.TO,,
QLGC,,
RDW.L,,
RSG,2024-12-31,42000
RXL.PA,,
6963.T,,
ROR.L,,
RMG.L,,
SAB.L,,
SGE.L,,
SAND.ST,,
9735.T,,
SEE,2023-12-31,7200
RWI.L,,
STE,2024-03-31,3700
SDA1V.HE,,
SPX.L,,
SUI.JO,,
SYKE,2020-12-31,61100
TCOM.BO,,
TTMT.BO,,
6762.T,,
TIT.MI,,
4543.T,,
TEVA,2024-12-31,37000
BRSN.L,,
6481.T,,
3116.T,,
2314944Z.L,,
UTCEM.BO,,
UGPA3.SA,,
VATN.SW,,
VET.TO,,
VRTU,,
WBA,2024-08-31,312000
WLSI.BO,,
WWAV,,
WOR.AX,,
9064.T,,
ZURN.SW,,
ARCLK.IS,,
SKBNK.IS,,
TOASO.IS,,
068870.KS,,
213500.KS,,
BRFS3.SA,,
SMDS.L,,
VATT.ST,,
QED.L,,
SDF.DE,,
4634.T,,
7313.T,,
6361.T,,
6146.T,,
MJN,,
SBIN.BO,,
CLF,2023-12-31,28000
TIG.L,,
YTY1V.HE,,
OXIG.L,,
2475.TW,,
LRD.L,,
2498.TW,,
UG.PA,,
034220.KS,,
ALI,,
BDEV.L,,
SCT.LS,,
4597026Z,,
1004371D,,
0703626D,,
54308Z,,
CAPC.L,,
ASELS.IS,,
KLOVA.ST,,
CPF.BK,,
ZOREN.IS,,
ECOR3.SA,,
AMS.MC,,
VAL,2023-12-31,5985
6794.T,,
AKCNS.IS,,
BKIA.MC,,
XYL,2023-12-31,23000
GJF.OL,,
BCOLO,,
VLK.AS,,
BIOGB.ST,,
8309.T,,
EVKIF,,
GRUPOSUR,,
NUTRESA,,
0026949D,,
0128296D,,
TNC,2023-12-31,4457
PCX,2021-12-31,2
HAIN,2024-06-30,2786
CR,2023-12-31,4000
DNKN,,
IMA.MI,,
4627970Z.SW,,
DBHN.DE,,
2266328Z,,
269171Z,,
PDL.L,,
PLCS.OL,,
ABBV,2024-12-31,55000
RXN,2024-12-31,2500
SYNA,2024-06-29,1716
0676419D,,
1323.TW,,
0333471D.BK,,
1192Z.SW,,
3863.T,,
FNAC.PA,,
RCL.JO,,
SGL.JO,,
NWS,2024-06-30,23900
MEL.NZ,,
2587.T,,
VALMT.HE,,
4512099Z.MI,,
ANET,2023-12-31,4023
IQV,2024-12-31,88000
HANA.BK,,
KORDS.IS,,
0821582D.BO,,
2638.HK,,
003340,,
0286046D.BO,,
ISG.L,,
0876412D.L,,
7268593Z,,
AP,2023-12-31,1697
AES,2023-12-31,1300
ATE.PA,,
3596.TW,,
AKE.PA,,
ABF.L,,
0252507D.L,,
AGO.AX,,
AXSB.BO,,
BERY,2024-09-28,42000
BAH,2024-03-31,34200
BLD.AX,,
BWA,2024-12-31,200
6448.T,,
BCHN.SW,,
3466803Z.L,,
CAST.ST,,
CEV.DE,,
CGF.AX,,
941.HK,,
CTY1S.HE,,
TPR,2024-06-29,18600
DSY.PA,,
4061.T,,
6902.T,,
DBAN.DE,,
DBD,2023-12-31,21000
DTY.L,,
EMN,2024-12-31,14000
EUROB.AT,,
4523.T,,
ELM.L,,
FABG.ST,,
FPH.NZ,,
FMG.AX,,
FRE.NZ,,
3015.TW,,
6457.T,,
GCPL.BO,,
GDSP.BO,,
TLEVICPO.MX,,
0011.HK,,
HAR,,
HTZ,2023-12-31,27000
HLT,2024-12-31,181000
8036.T,,
HYP.JO,,
IMI.L,,
IGO.AX,,
IM.AS,,
IOCL.BO,,
ISAT.L,,
7202.T,,
4185.T,,
6473.T,,
KEY.TO,,
2801.T,,
KSP.L,,
KOMN.SW,,
KCR1V.HE,,
KMB.BO,,
KUNN.SW,,
KR,2024-02-03,0
L.TO,,
GTK.MI,,
LONN.SW,,
MCRO.L,,
NTGR,2024-12-31,655
NMDC.BO,,
JWN,2024-02-03,54000
1701880Z.L,,
4528.T,,
PNW,2023-12-31,2200
PRS.OL,,
REC.AX,,
RBC,2024-03-30,5302
RAI,,
RON.TO,,
SNI,,
SFR.L,,
SGM.AX,,
WPM.TO,,
598.HK,,
6976.T,,
CWY.AX,,
TA.TO,,
4208.T,,
UCB.BR,,
6506.T,,
TAVHL.IS,,
TCELL.IS,,
VAKBN.IS,,
ALM.MC,,
2327.TW,,
CHW.L,,
BRAM.L,,
CMS.L,,
DIA.MI,,
2371.TW,,
2884.TW,,
LAM.L,,
LRE.L,,
TEC.PA,,
KMD.NZ,,
1489742D.HE,,
BWY.L,,
0878664D.TO,,
4289765ZID,,
0372515D.L,,
LOG.MC,,
7629107Z,,
3644279Z,,
ABFBCZ.KS,,
1001Z.JO,,
NOD.OL,,
PIA.MI,,
LHC.JO,,
DIA.L,,
VLX.L,,
TRUE.BK,,
CWI,,
IDTI,,
CIU.L,,
4146973Z,,
GNET,,
0006311D,,
3828.HK,,
BRISA.IS,,
ABOMSZ.SZ,,
GLEN.L,,
SPI.L,,
3999Z.DE,,
2304570Z.MI,,
EW,,
DIA.MC,,
KENZ.L,,
OMN.JO,,
KEWSPO.KS,,
PFDAVVND,,
CEMARGOS,,
EEB,,
KPLD,,
ADS,,
LRCX,,
MAC,,
REGN,,
0204569D,,
6107023Z.IS,,
3328393Z.IS,,
INFI.L,,
DLG.L,,
DRTY.L,,
SUL.AX,,
CELSIA,,
BRG.OL,,
FLRY3.SA,,
6283223Z.DE,,
138080.KS,,
0434710D,,
DURDO.IS,,
6962825Z.IS,,
ENAEX.SN,,
4182Z.DE,,
CIMSA.IS,,
PA/.L,,
DOO.TO,,
ARW.L,,
5105.T,,
0133253D,,
EDI.PA,,
6165663Z.SA,,
WOR,2024-05-31,3800
0301585D.ST,,
AXTA,2024-12-31,1300
9152411Z.IS,,
NN.AS,,
SCG.AX,,
SAGA.L,,
JE/.L,,
JUST.L,,
SOP.PA,,
1113956D.MC,,
8566.T,,
ENTRA.OL,,
7995.T,,
ABOIVZ.SZ,,
1986310Z.L,,
6127615Z.MX,,
BDCBEZ.SZ,,
ARTECZ.T,,
1067Z.AX,,
LIBCBCZ.SZ,,
0849302D.ST,,
ARL.DE,,
ADV.DE,,
2311.TW,,
ALFA.ST,,
ARYN.SW,,
BKIR.L,,
BBL/F.BK,,
9783.T,,
BHFC.BO,,
BLK,,
BOY.L,,
200725.SZ,,
BTT.AX,,
BG,2021-12-31,22000
SCHW,2023-12-31,33000
6412.TW,,
CHD,2024-12-31,5750
7762.T,,
097950.KS,,
CBG.L,,
CVA,2020-12-31,4000
CRG.BO,,
7262.T,,
XRAY,2022-12-31,15000
DBG.PA,,
LHA.DE,,
DEZ.DE,,
4631.T,,
MDF.MC,,
ELD.TO,,
ERG.MI,,
ESEL.BO,,
9983.T,,
6954.T,,
FCC.MC,,
2607.T,,
BIMBOA.MX,,
FUL,2024-11-30,7500
6965.T,,
7205.T,,
6806.T,,
HON,2024-12-31,24000
IDL.PA,,
IMCD.AS,,
IHS,2023-12-31,2988
1071,,
JI.BO,,
DEC.PA,,
BAER.SW,,
KLR.L,,
KSB.DE,,
4379521ZLN,,
8252.T,,
MAU.PA,,
MET,2023-12-31,45000
ML.PA,,
MRU.TO,,
MCO,2024-12-31,4800
6594.T,,
NKE,2024-05-31,79400
2282.T,,
1006Z.CO,,
PTM.AX,,
PG,2024-06-30,108000
QCOM,2024-09-29,49000
RABO.AS,,
RBT.PA,,
RTKM,,
SHOT.ST,,
SCHP.SW,,
SSABA.ST,,
SUBC.OL,,
AAYPOZ.SZ,,
6869.T,,
8795.T,,
9501.T,,
TXN,2024-12-31,34000
3116,,
TLW.L,,
6925.T,,
VIAB,,
WCC,2024-12-31,20000
WEC,2023-12-31,7000
000030.KS,,
YAR.OL,,
6841.T,,
ZBH,2023-12-31,18000
AWE.AX,,
MRVE3.SA,,
ISA,,
MTU.PA,,
CGR.PA,,
DAN.MI,,
SAVE.MI,,
JLT.L,,
086790.KS,,
086280.KS,,
GLO,,
SDL.L,,
HILS.L,,
FMC,2023-12-31,6600
BARN.SW,,
0280719D.L,,
0891909D.BR,,
PF,,
BRE.MI,,
OSSR.CO,,
ZV.MI,,
CPI.JO,,
IVL.BK,,
TFG.JO,,
MGROS.IS,,
TMG.AS,,
VRX,,
4578.T,,
KTCG,,
PAL,,
DL.AS,,
0663761D.SA,,
EQIX,2024-12-31,13606
1604.TW,,
PNL.AS,,
DAE.SW,,
115160.KS,,
VMW,2023-02-03,38300
005850.KS,,
EBRO.MC,,
7248.T,,
9719.T,,
7282.T,,
CAVM,,
7942.T,,
GEF,2024-10-31,14000
IM,,
LII,2024-12-31,14200
LBTYA,2023-12-31,15020
LPT,,
FAB,,
3042.TW,,
UNLSTD,,
4958.TW,,
6849.T,,
4370569Z.MC,,
AFOP,,
MFG.AX,,
FSF.NZ,,
ATT.JO,,
VVAR3.SA,,
SCTY,2020-12-31,1280
7280.T,,
5703.T,,
7291.T,,
ATSN,,
LIX,,
ARRS,,
6740.T,,
6756.T,,
BAS1V.HE,,
INDV.L,,
6383.T,,
TPIS3.SA,,
4100.T,,
SUNEQ,,
DC/.L,,
4481227Z,,
8238322Z,,
HASI,2024-12-31,158
7781872Z.T,,
1023Z.NZ,,
AXTELCPO.MX,,
3605926Z.BO,,
COLOM,,
BXLT,,
S32.AX,,
CLNX.MC,,
1000Z.CO,,
GOZ.AX,,
HSS.L,,
FINGB.ST,,
1723080Z.L,,
EPR.OL,,
WPG.L,,
EKT.MC,,
VCX.AX,,
1038Z.HE,,
1488603D.HE,,
GPSC.BK,,
4155293Z,,
1728160Z.L,,
KLNMA.IS,,
VESTA*.MX,,
ABN.AS,,
AGU.TO,,
AGK.L,,
7259.T,,
9202.T,,
ALPHA.AT,,
ABC,2024-09-30,46000
090430.KS,,
A3M.MC,,
ADM,2023-12-31,41802
AIZ,2023-12-31,13600
ATRLJB.ST,,
NDA.DE,,
EZE.MC,,
GBF.DE,,
5108.T,,
CARL-B.CO,,
CTLT,2024-06-30,1600
2883.TW,,
LISN.SW,,
000002.SZ,,
CIR.MI,,
INGR,2023-12-31,11600
COST,2024-09-01,333000
DVA,2024-12-31,76000
DEB.L,,
DOV,2024-12-31,24000
UFS,,
DUK,2023-12-31,27037
RF.PA,,
FE,2023-12-31,1056
6505.TW,,
1326.TW,,
2881.TW,,
G1A.DE,,
GGP,,
HR-U.TO,,
2433.T,,
HUSQB.ST,,
4168877Z.ST,,
IMO.TO,,
IPL.AX,,
IH.BO,,
IPN.PA,,
JHX.AX,,
2811.T,,
9503.T,,
INTU.L,,
LOGN.SW,,
LYB,2023-12-31,20000
MFI.TO,,
MA,2024-12-31,35300
2454.TW,,
MGGT.L,,
MU,2024-08-29,48000
MCM.MC,,
8058.T,,
4182.T,,
7211.T,,
5706.T,,
MTX.DE,,
MVV1.DE,,
1303.TW,,
2408.TW,,
2871.T,,
4021.T,,
OSH.AX,,
OKE,2023-12-31,4775
PCAR,,
PEY.TO,,
VAC.PA,,
PSM.DE,,
QUAN.SW,,
RATOB.ST,,
RCO.PA,,
RMV.L,,
RWA.L,,
SALM.OL,,
016360.KS,,
4536.T,,
SBMO.AS,,
SCR.PA,,
4507.T,,
SMIN.L,,
SYK,,
8316.T,,
3045.TW,,
5901.T,,
TRV,,
JCI,,
TEL,,
7272.T,,
FROTO.IS,,
TKFEN.IS,,
ULKER.IS,,
YKBNK.IS,,
046890.KS,,
AD.AS,,
SULA11.SA,,
3037.TW,,
MERY.PA,,
SM,,
1434.TW,,
2892.TW,,
LUMI.TA,,
RCDO.L,,
BNS.MI,,
VPK.AS,,
6239.TW,,
EDC,,
ITMG.JK,,
1102.TW,,
DTC.JO,,
011780.KS,,
OKDBV.HE,,
WST,,
NOLAB.ST,,
APPS.MC,,
UNFI,,
BAR.BR,,
IBAB.BR,,
OCDO.L,,
SGP.L,,
BEIAB.ST,,
RUALR,,
AFYON.IS,,
ALBRK.IS,,
CPX.TO,,
VESBE.IS,,
DGC.TO,,
4555.T,,
COL.MC,,
BNR.DE,,
142.HK,,
SMPH,,
CEY.L,,
LIGHT.AS,,
AGLTY,,
CREE,,
4190377Z.MI,,
4764601ZPL,,
1301.TW,,
HNI,,
1436Z.BO,,
SFER.MI,,
OPHR.L,,
BILIA.ST,,
ATEB.BR,,
EMMN.SW,,
AUTN.SW,,
VITROA.MX,,
1259263Z.L,,
3102178Z.BR,,
SWL.L,,
6302495Z.DE,,
549926Z.MC,,
FNF,2023-12-31,22293
FCE/A,,
3751544Z.MC,,
AIRSYZ.SZ,,
MLNK,2023-12-31,676
973.HK,,
8953.T,,
6999.T,,
3454.TW,,
3311.HK,,
TPS1V.HE,,
CZLT33.SA,,
VNA.DE,,
ORA.AX,,
VOYA,2023-12-31,9000
FN,2024-06-28,14213
ACBK,,
KOSEPCO.KS,,
DELTA.BK,,
ONTEX.BR,,
APGN.SW,,
018260.KS,,
KWE.L,,
INWI.ST,,
RECIB.ST,,
002068.SZ,,
AENA.MC,,
FARM,2024-06-30,1003
7883.T,,
0488972D.IS,,
WRK,2023-09-30,56100
ENECO,,
H.TO,,
CPRE3.SA,,
GVNV.AS,,
KHC,2024-12-28,36000
HPQ,2024-10-31,58000
HPE,2024-10-31,61000
CRC,2022-12-31,1060
KEYS,2024-10-31,15500
CSRA,,
539437.BO,,
017810.KS,,
DOKA.SW,,
INFO,,
AGR,2023-12-31,7999
TIET11.SA,,
ARNC,2022-12-31,11550
DVMT,,
2678.T,,
AKERBP.OL,,
MONET.PR,,
IG.MI,,
MDM.PA,,
WAVE.PA,,
DBEL.BO,,
CSP.L,,
TOR.JO,,
1292134D,,
VSM,,
62C.DE,,
MAERSKB.CO,,
ABDN.L,,
ACA.L,,
6282.TW,,
6166.TW,,
ADTN,2023-12-31,3227
2395.TW,,
AEM,2023-12-31,0
AMG,2024-12-31,4100
AFRY.ST,,
7660951Z,,
AHSL.ST,,
AIBG.L,,
4206.T,,
AKRBP.OL,,
AKTIA.HE,,
ALMA.HE,,
GOOGL,2024-12-31,183323
ALA.TO,,
AMCR,2024-06-30,41000
LAME4.SA,,
AMP,2023-12-31,0
AMKR,2023-12-31,28700
6091895Z.L,,
ADI,2024-11-02,24000
8219.T,,
APO.AX,,
APTV,2024-12-31,141000
ARVND.BO,,
ASH,2024-09-30,3200
APUUY,,
3017.TW,,
ASRNL.AS,,
AST.MI,,
AT.MI,,
AVYA,2022-09-30,7090
PFAVH,,
SPR,2023-12-31,20655
AMER3.SA,,
B3SA3.SA,,
BKR,2024-12-31,57000
BBDC4.SA,,
BIRG.L,,
BLLA.MI,,
BTG.DE,,
BHP.L,,
BCT.BK,,
3665.TW,,
BOL.PA,,
BONAVA.ST,,
BRC,2024-07-31,5700
BRKM5.SA,,
CCR.L,,
CBT,2024-09-30,4200
CTC/A.TO,,
CWG.L,,
AFX.DE,,
CBRE,2024-12-31,140000
CBS,,
CCL/B.TO,,
ELET3.SA,,
CRL,2023-12-30,21800
6230.TW,,
257.HK,,
9502.T,,
CPLE6.SA,,
CFG,2024-12-31,17287
1000L.L,,
CLI.L,,
CCEP,2023-12-31,500000
COMI,,
LCAM3.SA,,
CMIG3,,
CMP,2024-09-30,1900
CEIX,2023-12-31,2020
CEN.NZ,,
CTEC.L,,
CLB,2022-12-31,3600
0129991D,,
COV.PA,,
CCK,2023-12-31,25000
7905.T,,
DHG.L,,
DB1,,
8374885Z.PA,,
DIC.DE,,
DLR,2023-12-31,3664
DGH.JO,,
DNA.HE,,
D,2023-12-31,60500
EDEN.PA,,
FGR.PA,,
GEB,,
CMPC.SN,,
1558953D.AS,,
ELPL3.SA,,
ENKAI.IS,,
EQNR.OL,,
1937310Z.L,,
WTRG,2023-12-31,3258
EL.PA,,
ESSITYA.ST,,
2618.TW,,
EVK.DE,,
FERG.L,,
FCT.MI,,
FCR-U.TO,,
FSOL.BO,,
FISV,2023-12-31,42000
7241.T,,
GALSURF.BO,,
GALE.SW,,
GTT.PA,,
4906.TW,,
FI-N.SW,,
GEST.MC,,
GSF.OL,,
8218328Z.MC,,
GES,2024-02-03,12000
PEAK,2024-12-31,387
HTZGQ,,
8586.T,,
HOLN.SW,,
BOSS.DE,,
HUH1V.HE,,
IDA,2023-12-31,2100
ITW,2024-12-31,44000
IAG,2023-12-31,0
IPG,2023-12-31,57400
INVEB.ST,,
3099.T,,
ITUB4.SA,,
IVN.TO,,
79281Z,,
GENEXZ.T,,
JBLU,2024-12-31,0
JSW.BO,,
JYSK.CO,,
1942.T,,
1837239D.IS,,
KELYA,2024-12-29,4200
636.HK,,
KESKOB.HE,,
KDP,2023-12-31,28100
000270.KS,,
KE,2024-06-30,7000
KINDSDB.ST,,
KGX.DE,,
KLBN3.SA,,
KCO.DE,,
KHCO,,
KCR.HE,,
4922.T,,
BBWI,2024-02-03,57200
LHX,2025-01-03,47000
LH,2023-12-31,31000
LTI.BO,,
LSCC,2024-12-28,1110
LDOS,2025-01-03,48000
3698.TW,,
LNA.DE,,
LIN,2023-12-31,66323
7966.T,,
FII.PA,,
LSEG.L,,
3533.TW,,
LUMN,2023-12-31,28000
LITE,2024-06-29,7257
LUNE.ST,,
LKAB.ST,,
2893686Z.L,,
MDC.L,,
MEG.TO,,
2270.T,,
6508.T,,
2269.T,,
MCY.NZ,,
MSSR.DE,,
B4B.DE,,
MTD,2024-12-31,9000
MGM,2023-12-31,12000
ACIEXZ.SZ,,
6479.T,,
5739485Z.T,,
MOBN.SW,,
MTM.JO,,
MONET,,
MOWI.OL,,
8012.T,,
NTGY.MC,,
NWG.L,,
NCCB.ST,,
NPTN,2021-12-31,1157
17.HK,,
NWSA,2024-06-30,23900
005940.KS,,
1820.T,,
5943.T,,
3979452Z.CO,,
1518971D,,
NLOK,2024-03-29,3400
OHLA.MC,,
OXY,2023-12-31,2900
0030080D,,
6282.T,,
96070Z.HE,,
ORI.AX,,
ORNBV.HE,,
ORSTED.CO,,
OSR.DE,,
PKG,2023-12-31,14900
PNDXB.ST,,
PXT.TO,,
PCTI,2022-12-31,14
PDL.AX,,
PETR4.SA,,
PIEL.BO,,
PIRC.MI,,
4927.T,,
14202MF,,
397.HK,,
PPL,2024-12-31,530
PRY.MI,,
FASW.JK,,
PEG,2023-12-31,25086
QBR/B,,
44998Z,,
RCH.L,,
REE.MC,,
RF,,
1165Z.OL,,
8308.T,,
1515.TW,,
GEPA3.SA,,
SAF.PA,,
SAP.TO,,
SCHN,,
SMTC,,
VII.TO,,
ADFWNZ.SZ,,
SHP.JO,,
7274.T,,
SIS.MI,,
SSW.JO,,
SIKA.SW,,
WAF.DE,,
SLG,,
2331.T,,
2768.T,,
SXS.L,,
STEM.L,,
STM.PA,,
STOCKA.HE,,
7737488Z,,
5232.T,,
SDRY.L,,
TMUS,,
1969.T,,
TTK.DE,,
TKTT.PA,,
TATACONS.BO,,
1556417D.T,,
TECN.SW,,
TECK/B.TO,,
1323466Z.L,,
TEVA.TA,,
TXT,,
LEGO.CO,,
NVG.LS,,
3950.T,,
SO,,
TIETO.HE,,
9506.T,,
6995.T,,
4042.T,,
TTE.PA,,
585233Z.AS,,
TT,,
1007Z.JO,,
TNL,2023-12-31,19000
TRMB,2023-12-29,12700
TSE,2023-12-31,3100
9830.T,,
TUI1.DE,,
TSN,2023-09-30,139000
UBSG.SW,,
URW.AS,,
UN01.DE,,
486.HK,,
UPM.HE,,
5347.TW,,
VREX,2024-09-27,2300
VVC,,
VRSK,2023-12-31,7500
VIIA3.SA,,
VOE,,
VOW.DE,,
VMC,2023-12-31,10382
WFRD,2024-12-31,19000
WBD.MI,,
WELL,2024-12-31,685
ZAL.DE,,
4205.T,,
ABG.JO,,
4401.T,,
300886.SZ,,
5852.T,,
AIXA.DE,,
AKSO.OL,,
ACI,2024-02-24,285000
ALD.PA,,
ALRS,2023-12-31,754
2384Z.L,,
3951.T,,
1852.T,,
ASY.PA,,
AY,2023-12-31,1366
ATO,2024-09-30,5260
AVNT,2023-12-31,9300
CAR,2024-12-31,24000
BPCL.BO,,
BIM.PA,,
688363.SZ,,
BPE.MI,,
CPI.L,,
CGCBV.HE,,
CAS.TO,,
CAV1V.HE,,
CERV.MI,,
CEZ,,
CC,2023-12-31,6200
1904.TW,,
1314.TW,,
CD,2021-12-31,5
CRBN.AS,,
CSAN3.SA,,
CPALL.BK,,
9933.TW,,
COH.JO,,
DAN,2023-12-31,41800
DANGCEM,,
4635641Z.PA,,
DVT.PA,,
DFDS.CO,,
4461.T,,
DKSH.SW,,
DRW3.DE,,
DSV.CO,,
6957697Z.L,,
1476.TW,,
ELI.BR,,
EMP/A.TO,,
ETSY,2023-12-31,2420
8028.T,,
EO.PA,,
FUNO11.MX,,
FGEN,2023-12-31,486
FSKRS.HE,,
FOSL,2023-12-30,6100
FEC.TO,,
600660.SZ,,
8424.T,,
G,2023-12-31,129100
1663400Z.L,,
GIL.TO,,
GILD,2023-12-31,18000
GOGL,2023-12-31,38
GPK,2024-12-31,23000
ENO.MC,,
GBT.PA,,
1580196D,,
4544.T,,
8242.T,,
101.HK,,
HMS.ST,,
1000505D,,
004800.KS,,
ICFI,2023-12-31,9000
IPX.L,,
INCH.L,,
IOSP,2023-12-31,2400
049070.KS,,
RANI3.SA,,
2593.T,,
3086.T,,
JHG,2023-12-31,2200
9201.T,,
7182.T,,
6178.T,,
0390842D.L,,
9858514Z.BO,,
6632.T,,
KSU,2022-12-31,7190
KMGZ,,
683.HK,,
2809.T,,
KRC,2024-12-31,229
6600.T,,
KLOVB.ST,,
140362Z.ST,,
KOP,2023-12-31,2108
KOS,2023-12-31,243
1861.T,,
6971.T,,
7914.T,,
226562Z.PA,,
LFUS,2023-12-30,0
M,2024-02-03,0
EMG.L,,
224475Z.PA,,
MRCO.BO,,
MKC,2024-11-30,14100
MLCO,2023-12-31,17878
425.HK,,
4508.T,,
5192.T,,
2201.T,,
MSCI,2024-12-31,6132
LABL,,
7988.T,,
NLFSK.CO,,
2002.T,,
2897.T,,
TYRES.HE,,
NOEJ.DE,,
NRS.OL,,
NTR.TO,,
3861.T,,
ORP.PA,,
PTR.MI,,
PYPL,2024-12-31,24400
PHOR,,
PSK.TO,,
PVH,2024-02-04,29000
QDT.PA,,
4755.T,,
RAND.AS,,
1062602Z.L,,
3656749Z.BO,,
2243113Z,,
RHIM.L,,
RBOS.DE,,
RHI,2024-12-31,14700
ROTH.PA,,
SAHOL.IS,,
SABIC,,
SCYR.MC,,
SATERZ.SZ,,
SCATC.OL,,
SHA.DE,,
SDRLF,,
NOW,2024-12-31,26293
SHOP.TO,,
4004.T,,
SIG.L,,
8040Z,,
SRBNK.OL,,
SKI.AX,,
SPT.L,,
4203.T,,
SUN,2024-12-31,0
2387.TW,,
SGY.TO,,
7269.T,,
SML.NZ,,
SNPS,2024-10-31,20000
ISCTR.IS,,
8233.T,,
TLX.DE,,
7740.T,,
1198568D,,
TEKNF.TO,,
9504.T,,
0214516D,,
0610241D,,
TMO,2023-12-31,122000
THULE.ST,,
TIF,,
TTAN.BO,,
TOKMAN.HE,,
8439.T,,
5423.T,,
8804.T,,
1720.T,,
TSS,,
THL.NZ,,
6371.T,,
5949.T,,
7254.T,,
USFD,2024-12-28,30000
1229430D,,
VMUK.L,,
VTY.L,,
VTR.PA,,
VEBM11.SA,,
3105.TW,,
WLN.PA,,
2359.SZ,,
3136319Z,,
7294.T,,
4689.T,,
ADANIGR.BO,,
ADSEZ.BO,,
ADANI.BO,,
ADANIT.BO,,
ADDTB.ST,,
AAP,2023-12-30,40000
8905.T,,
AKS,,
AQN.TO,,
LNT,2023-12-31,1800
AIG,2024-12-31,22200
AMGO.L,,
APH,2024-12-31,125000
AEFES.IS,,
APAM.AS,,
AAOI,2023-12-31,2149
ARMK,2024-09-27,266680
AC*.MX,,
ATZ.TO,,
0257540Z,,
3333.T,,
ASML.AS,,
AUB.PA,,
211642Z.PA,,
AUSS.OL,,
1017411D.DE,,
AUTO.L,,
AYDEM.IS,,
BIDU,2023-12-31,21800
19963Z,,
BLDP.TO,,
BAMI.MI,,
BIDI4.SA,,
BYW6.DE,,
2588.HK,,
BXP,2023-12-31,836
BSX,2023-12-31,48000
BC.MI,,
CDNS,2022-12-31,10200
CAE.TO,,
2229.T,,
CRL.MI,,
GIB/A.TO,,
1378.HK,,
1088.HK,,
CITIC.SZ,,
CTXS,2021-12-31,9700
CLH,2023-12-31,21021
KOFUBL.MX,,
COMM,2023-12-31,20000
CNDT,2023-12-31,59000
3981012Z.CO,,
8111838Z.L,,
GLW,2024-12-31,0
192820.KS,,
COTY,2024-06-30,11791
CRA1V.HE,,
CE.MI,,
0047417D,,
4751.T,,
5875038Z.T,,
DALBHARA.BO,,
DAR,2023-12-30,15800
1012Z.AS,,
DPH.L,,
002384.SZ,,
DUST.ST,,
DWS.DE,,
6251.TW,,
5054325Z,,
9020.T,,
4289765Z.L,,
0059748D,,
1082Z.MC,,
ESLT.TA,,
ELK.OL,,
ELTEL.ST,,
EDV.L,,
ENOG.L,,
ENJSA.IS,,
EPIA.ST,,
ERA.PA,,
6859.T,,
EURN.BR,,
EUCAR.PA,,
EXLS,,
4921.T,,
4904.TW,,
FRT,,
RACE,,
FFA.JO,,
FNV.TO,,
FDP,,
7260.T,,
8354.T,,
5970.T,,
0518736D,,
1305190D.L,,
0979529D.IS,,
SIBN,2023-12-31,28
GEI.TO,,
GGS.DE,,
GLB.L,,
787.HK,,
1783974D.T,,
3443.TW,,
GPL.BO,,
GMT.NZ,,
3692594Z.PA,,
BBTG11.SA,,
1448Z.MI,,
5989.T,,
2HRA.DE,,
HSIC,2023-12-30,25000
RMS.PA,,
HPOLB.ST,,
9086.T,,
HWM,2024-12-31,23930
298050.KS,,
011210.KS,,
2337.T,,
OCS.PA,,
IGG.L,,
9119.T,,
INF.L,,
IENOVA*.MX,,
NSIT,2024-12-31,0
IPL.TO,,
MYPK3.SA,,
ITV.L,,
J,2024-09-27,45000
7181.T,,
8952.T,,
JD,2023-12-31,1000000
JSLG3.SA,,
4047.T,,
KIMBERA.MX,,
9375.T,,
KBX.DE,,
4967.T,,
120110.KS,,
1062Z.OL,,
KOA.OL,,
0495037D.T,,
9142.T,,
LNZ,,
1346.HK,,
LIO.L,,
LPP,,
LYFT,2024-12-31,2934
MNG.L,,
2337.TW,,
MG.TO,,
MT.MI,,
MAVI.IS,,
MPL.AX,,
MDP,2021-06-30,5050
MRN.PA,,
MTA.JO,,
MSTR,2023-12-31,1934
0869232D,,
0090246D,,
MAB.L,,
8802.T,,
MTSS,,
MHK,2023-12-31,0
975.HK,,
2264.T,,
MTH.JO,,
MOVI3.SA,,
MTC.BK,,
MTRS.ST,,
8046.TW,,
002350.KS,,
NHF.AX,,
8174.T,,
4091.T,,
5202.T,,
OSB.TO,,
NPI.TO,,
NCLH,2023-12-31,5100
NOS.LS,,
NTPC.BO,,
NVA.TO,,
6703.T,,
OMU.JO,,
OTEX.TO,,
4661.T,,
1145Z.CO,,
3452375Z.IS,,
7250.T,,
007980.KS,,
7532.T,,
PNDORA.CO,,
BRDT3.SA,,
2457.TW,,
8299.TW,,
2318.HK,,
PNI.AX,,
5988.T,,
GAZP,,
LKOH,,
POLY.L,,
POS,,
PST.MI,,
PCT.NZ,,
PMI.L,,
2817810Z.MC,,
1308Z.BR,,
3219.TW,,
QLT.L,,
RADL3.SA,,
RL,2024-03-30,23400
RTX,2024-12-31,186000
REA.AX,,
RAD,2023-03-04,47000
ROST,2024-02-03,0
RBREW.CO,,
RWS.L,,
SAN.NZ,,
5929.T,,
SBANK.OL,,
SEK.AX,,
9069.T,,
SENS.SW,,
9143.T,,
6213675Z.TA,,
7701.T,,
SCC.BK,,
SW.TO,,
SIFG.AS,,
6415.TW,,
SIM.CO,,
9940.TW,,
096770.KS,,
SKFB.ST,,
SMS.L,,
SMCP.PA,,
4688325Z.PA,,
9434,,
9984.T,,
SO.MI,,
SPOL.OL,,
3436.T,,
1821.T,,
SXC,2023-12-31,871
SMCI,2023-06-30,2400
SUZB3.SA,,
SIVB,2021-12-31,6567
SYNT.L,,
2887.TW,,
TBCG.L,,
1504.TW,,
TEL2B.ST,,
VIVT3.SA,,
CTF.MC,,
TTALO.HE,,
TGS.OL,,
3757240Z,,
2602.T,,
REAL,2023-12-31,3032
1211640D.DE,,
5301.T,,
4043.T,,
TOPG.KL,,
7732.T,,
TCL.AX,,
TTG.L,,
UNIP3.SA,,
UQA,,
UNVR,2022-12-31,9700
UVV,2024-03-31,27000
601231.SZ,,
VRTX,2024-12-31,94000
MYL,,
1401646D.ST,,
WAB,2024-12-31,29500
WSA.AX,,
WIHL.ST,,
WSM,2024-01-28,19300
WINMQ,,
6669.TW,,
000858.SZ,,
WH,2024-12-31,2200
002925.SZ,,
2267.T,,
YIT.HE,,
2885.TW,,
1628.HK,,
1U1.DE,,
002555.SZ,,
1530.HK,,
BAG.L,,
ATM.NZ,,
ARTO.BO,,
IGN1L,,
2353.TW,,
AED.BR,,
AERI3.SA,,
AFLT,,
AFG.OL,,
AFKS,,
AGS.BR,,
AEM.TO,,
AKAST.OL,,
AGI.TO,,
ABIO.PA,,
0133939D.TO,,
ALFA.L,,
ALFEN.AS,,
ALSC3.SA,,
ALLE,2023-12-31,12400
ALLY,2023-12-31,11100
ALTR.LS,,
AMBP3.SA,,
AEO,2024-02-03,43100
0127101D,,
AMT,2023-12-31,5643
AMRS,2022-12-31,1598
ANIM3.SA,,
APTY.BO,,
AFK.OL,,
ARG.NZ,,
ARV.NZ,,
ASCL.L,,
AGR.L,,
ALV,2023-12-31,70300
AVT,2024-06-29,15462
AC,2023-12-31,7
AZUL4.SA,,
AZRE,2023-03-31,427
BAKKA.OL,,
BMED.MI,,
BPSO.MI,,
ABCB4.SA,,
PCD,,
SANB11.SA,,
BBTN.JK,,
BEKB.BR,,
BHG.ST,,
BIFF.L,,
BIOS.BO,,
BMY.L,,
BMC,,
BEI-UN.TO,,
BOOZT.ST,,
0597244D.SW,,
BRW.L,,
1876.HK,,
BWO.OL,,
CEAB3.SA,,
CHRW,2024-12-31,13781
CRN.L,,
CEFN3.SA,,
0489964D.HK,,
CNE.TO,,
3471586Z,,
CARM.PA,,
CRFSA.IS,,
CWST,2023-12-31,4200
2882.TW,,
CASS.MI,,
CEM.MI,,
CGG.PA,,
5871.TW,,
1044Z.BK,,
CHTR,2024-12-31,94500
2385.TW,,
1763.TW,,
CRUS,2024-03-30,1625
1741206D.HK,,
CLVT,2023-12-31,12000
CLAB.ST,,
COLM,2023-12-31,10070
7945.T,,
CBAV3.SA,,
CPU.AX,,
7186.T,,
GLO.L,,
CTB,,
COOR.ST,,
CORFICOL,,
CTD.AX,,
CTVA,2024-12-31,27000
1COV.DE,,
CMIN3.SA,,
2891.TW,,
9793.T,,
8985.T,,
0118333D,,
DBS,2022-12-31,0
DECB.BR,,
DHER.DE,,
DWNI.DE,,
DBGI,2023-12-31,56
375500.KS,,
GIL.DE,,
6141.T,,
DHG.AX,,
DOM.ST,,
4665.T,,
DWF.L,,
DXC,,
DZBK.DE,,
6486.T,,
EZJ.L,,
ECOPETL,,
EPC,,
3452259Z.IS,,
EPROB.ST,,
ELIOR.PA,,
ELIS.PA,,
SWDY,,
EMR,,
ENTEL.SN,,
ENELAM.SN,,
ENELCHIL.SN,,
ENEV3.SA,,
ENG.MI,,
EPAM,,
EQT,,
EQN.L,,
ETRN,,
330.HK,,
513867Z.MI,,
5351.TW,,
855485Z.L,,
ENX.PA,,
EXPE,,
FOIB.ST,,
FBK.MI,,
FLOW.AS,,
FDR.MC,,
FI.BO,,
FNTN.DE,,
7864.T,,
7917.T,,
AUTO,,
GENL.L,,
GD,,
GENS,,
GNS.L,,
GLV.L,,
GGC.BK,,
6488.TW,,
GOAGRO.BO,,
2368.TW,,
GFTU.L,,
GRND3.SA,,
1557989D.MC,,
1436402D.PA,,
GBLB.BR,,
AEROMEX*.MX,,
GCC*.MX,,
3645431Z.MC,,
GUAR3.SA,,
4427177Z.MI,,
HLDX.ST,,
000880.KS,,
009830.KS,,
HLAG.DE,,
HL/.L,,
HEAD.L,,
1546973D.ST,,
HBRN.L,,
HRC,2021-09-30,10000
2049.TW,,
HOC.L,,
METIN,,
HMPRO.BK,,
HSV.L,,
2317.TW,,
HWN.L,,
HPP,2023-12-31,758
298000.KS,,
298040.KS,,
298020.KS,,
HYPE3.SA,,
267270.KS,,
ILTY.MI,,
ILMN,2024-12-29,8970
2336597Z,,
PE&OLES.MX,,
INFN,2023-12-30,3389
INTUCH.BK,,
INTRUM.ST,,
IPF.JO,,
INW.MI,,
IOI.KL,,
6908.T,,
4515055Z.MC,,
8133.T,,
ITRI,2023-12-31,5859
8697.T,,
1662.T,,
8955.T,,
JBMA.BO,,
JDEP.AS,,
1963.T,,
JKCE.BO,,
JKI.BO,,
JUFO,,
TKWY.AS,,
KNOS.L,,
KARSN.IS,,
KBR,2023-12-29,34000
KMR.L,,
KGH,,
KMP-U.TO,,
600143.SZ,,
KINVB.ST,,
002240.KS,,
KLAC,2024-06-30,15000
KCC.OL,,
KOSPO.KS,,
KOWEPO.KS,,
003490.KS,,
KORI.PA,,
1301.T,,
9508.T,,
LTFH.BO,,
411.HK,,
LW,2024-05-26,10700
111204Z.ST,,
1170Z.AS,,
LSS.PA,,
1873735D.KS,,
RENT3.SA,,
"229,640.KS",,
LUCE.L,,
LYC.AX,,
1883.T,,
MGLU3.SA,,
204320.KS,,
MER,,
MPC,2023-12-31,18200
5463.T,,
MMK,,
4385.T,,
0532104D.L,,
2439.TW,,
MOCORP.HE,,
MSONA.ST,,
BEEF3.SA,,
8593.T,,
3864.T,,
8801.T,,
GMKN,,
ZAIN,,
NPN.JO,,
0916972D.L,,
NTCO3.SA,,
NELES.HE,,
7319066Z,,
NEOE3.SA,,
NRP.JO,,
1238748D,,
NRO.PA,,
7613323Z,,
NRR.L,,
NEXI.MI,,
NEE,2024-12-31,9300
5991.T,,
8951.T,,
GNDI3.SA,,
NLMK,,
OI,2024-12-31,21000
OCA.NZ,,
OCI.AS,,
OGE,2023-12-31,2329
7994.T,,
OKTA,2024-01-31,5908
OLVAS.HE,,
ON,2024-12-31,26400
1464127D.PA,,
ORBIA*.MX,,
TERPEL,,
8954.T,,
"PTV,",,
PANW,2024-07-31,15289
2481.TW,,
PRXL,,
PAYX,2024-05-31,16500
PGSUS.IS,,
PEGA,2024-12-31,5443
PPL.TO,,
PSYS.BO,,
POG.L,,
PETS.L,,
PHNX.L,,
TATN,,
PKO,,
POM.PA,,
1913.HK,,
PROMIG,,
PFI.NZ,,
PRX.AS,,
PZU,,
QNBFB.IS,,
QRVO,2024-03-30,8700
QUESS.BO,,
RMBS,2023-12-31,623
RATCH.BK,,
RAV.L,,
REC.BR,,
RA.MX,,
6723.T,,
QSR.TO,,
RBG.L,,
6462.T,,
1363Z.AS,,
RUI.PA,,
RUMO3.SA,,
RYA.L,,
RYM.NZ,,
064960.KS,,
SZG.DE,,
SBBB.ST,,
207940.KS,,
029780.KS,,
SSL.TO,,
SAA1V.HE,,
SMTO3.SA,,
SRS.MI,,
4887.T,,
SCST.ST,,
6460.T,,
9024.T,,
SES.MI,,
CHMF,,
SJR/B.TO,,
SCL.TO,,
SHLF.OL,,
ENR.DE,,
SDPR.KL,,
SIMH3.SA,,
285130.KS,,
018670.KS,,
036490.KS,,
SILTZ.KS,,
011790.KS,,
SKISB.ST,,
0341337D.HK,,
SNAP,2024-12-31,4911
SCT.L,,
SOI.PA,,
SSOF.BO,,
SVEG.OL,,
SPB,2024-09-30,3100
TOY.TO,,
SPLK,2023-01-31,8000
SQ,2023-12-31,12985
SBM.AX,,
753305Z.OL,,
SRCL,2023-12-31,13500
SBS.DE,,
4764601Z.LS,,
SUI,2023-12-31,6780
SUNTZ.T,,
SWECB.ST,,
SOBI.ST,,
5233.T,,
TDC,2023-12-31,6500
TMV.DE,,
TGMA3.SA,,
TEN,,
TESB.BR,,
8331.T,,
000050.SZ,,
3626.T,,
TITK.AT,,
9005.T,,
2875.T,,
8015.T,,
3673.TW,,
903.HK,,
TSCO,2023-12-30,25000
TRU,2024-12-31,13400
1733296D.AS,,
TFC,2023-12-31,49037
TUB.MC,,
2006.TW,,
THYAO.IS,,
UDG.L,,
6728.T,,
UMI.BR,,
URI,2024-12-31,8000
UTL,2024-12-31,544
UPONOR.HE,,
UPWK,2024-12-31,600
271652Z.L,,
USIM3.SA,,
VKI.BO,,
VAMO3.SA,,
1211878D.AS,,
VEC.L,,
VRLA.PA,,
VCT.PA,,
VST,2023-12-31,4870
VHP.NZ,,
303.HK,,
7004829Z,,
GRA,2020-12-31,4000
6727.T,,
1605.TW,,
1782596D.PA,,
WMB,2023-12-31,5601
WPK.TO,,
6285.TW,,
WDAY,2024-01-31,18800
FIVE,2024-02-03,7000
XP,2023-12-31,77
3626151Z.BO,,
ZBRA,2024-12-31,9900
300068.SZ,,
ZTO,2023-12-31,23554
ABEV3.SA,,
ASM.AS,,
AZO,2024-08-31,126000
AVV.L,,
BAKK.L,,
BRSR3.SA,,
BSL.AX,,
BC,2024-12-31,15000
CCO.TO,,
CAT.JO,,
CCC,,
2801.TW,,
CDAY,2022-12-31,8526
728.HK,,
TRPL4.SA,,
1369834Z.L,,
CMCSA,2024-12-31,182000
1721.T,,
SCOR,2023-12-31,1250
CEG,2023-12-31,13871
8253.T,,
042660.KS,,
3880.T,,
DRRD,,
DNB,2023-12-31,6414
3211.TW,,
EXR.L,,
FIS,2024-12-31,50000
FLS,2023-12-31,16000
FCN,2023-12-31,7990
FUR.AS,,
GFSA3.SA,,
GGBR4.SA,,
FI-N,,
GRASIM.BO,,
EVRG,,
GNC.L,,
1808.T,,
HE,,
8377.T,,
HDFC.BO,,
009540.KS,,
010620.KS,,
IL0A.L,,
ITM.MI,,
8273.T,,
KYGA.L,,
010130.KS,,
2525Z.DE,,
8848.T,,
LEO.DE,,
QRTEA,,
LPX,,
6592.T,,
6586.T,,
13143Z,,
0017.T,,
MRO.L,,
MGEE,,
PAGE.L,,
TIGO,,
9962.T,,
4041.T,,
8086.T,,
NHY.OL,,
NSG.OL,,
3231.T,,
ODP,,
4768.T,,
4938.TW,,
1279152D.SW,,
POT.NZ,,
PLZL,,
PZC.L,,
QMCO,,
RMD,,
4527.T,,
HREN.SW,,
SAMPO.HE,,
032830.KS,,
9065.T,,
SCS.L,,
SCHP.PA,,
9076.T,,
SEIC,,
SGL.DE,,
0069.HK,,
8355.T,,
S92.DE,,
SQM/B.SN,,
SOW.DE,,
028670.KS,,
TEP.PA,,
T.KL,,
TEMN.SW,,
EGIE3.SA,,
UGI,2024-09-30,9750
VLO,2023-12-31,9908
4732.T,,
VMS,,
VIS.MC,,
VCT.L,,
7522.T,,
WFG.TO,,
ELV,2023-12-31,104900
000063.SZ,,
DOHOL.IS,,
BHW,,
001740.KS,,
033630.KS,,
005300.KS,,
035720.KS,,
AAK.ST,,
"CB,",,
BEP-U.TO,,
TCAP.L,,
THBEV,,
2912.TW,,
NICE.TA,,
SII.PA,,
GLE.L,,
CCC.L,,
DVO.L,,
3003.T,,
4569.T,,
8282.T,,
PGE,,
ICE,2024-12-31,12920
PAG.L,,
3376.TW,,
2393.TW,,
2392.TW,,
VTC.L,,
QGEN,2023-12-31,6000
VP/.L,,
HKSAV.HE,,
SONC.LS,,
THEP.PA,,
GEMD.L,,
HEXAB.ST,,
COR.LS,,
NAS.OL,,
HRL,2024-10-27,20000
ARW,2024-12-31,21520
2250604Z,,
MLKN,2024-06-01,10200
1003Z.DE,,
BAKAB.IS,,
3112Z.DE,,
FORR,2023-12-31,1744
370534Z,,
MRSA5B.SA,,
CPR.MI,,
QFR.OL,,
DISCA,,
PHP.L,,
URC,,
SASA.IS,,
MPI,,
SMM,,
KER,,
AMBUB.CO,,
PSAN.DE,,
ZAYO,,
0208653D.TO,,
794228Z,,
RSYS,,
LOGN3.SA,,
6051Z.L,,
0165873D.L,,
DFS.L,,
CMG,2024-12-31,130504
AXW.PA,,
LAT.PA,,
1299.HK,,
JSW,,
ZWC,,
7242.T,,
004490.KS,,
CLIG.L,,
CMO.MC,,
FPARA.ST,,
2232.HK,,
SLAB,2024-12-28,1889
CLW,2023-12-31,3100
ACM,2024-09-30,51000
ALB,2024-12-31,8300
ARE,2024-12-31,552
BFH,2024-12-31,6000
AWI,2023-12-31,3100
DKS,2024-02-03,18900
FDS,2024-08-31,12398
CLI,,
MNST,2023-12-31,6003
NATI,2022-12-31,7000
OSK,2023-12-31,17300
STLD,2023-12-31,12600
ULTA,2024-02-03,0
TRN,2023-12-31,2650
JW/A,,
FB,2024-12-31,74067
ALDAR,,
EME,2023-12-31,38300
15743Z,,
9990460Z,,
RIV.L,,
BGEO.L,,
VKE.JO,,
SLCE3.SA,,
ARZZ3.SA,,
MDIA3.SA,,
ASUZU.IS,,
EXR,2023-12-31,7618
HUN,2023-12-31,6000
THRM,2023-12-31,14504
NST.AX,,
AXL,2024-12-31,19000
CDW,2023-12-31,15100
3380.TW,,
3092.TW,,
BANB.SW,,
1910.HK,,
4186.T,,
8008.T,,
9413.T,,
9956.T,,
ITP.TO,,
TKNSA.IS,,
MBK,,
UNACEMC1,,
175330.KS,,
114810.KS,,
035420.KS,,
CMW.AX,,
SOL.MI,,
5741.T,,
7956.T,,
LABB.MX,,
3946.T,,
002475.SZ,,
NP,2021-12-31,2493
7283.T,,
5992.T,,
7284.T,,
7247.T,,
5184.T,,
6493.T,,
3569.T,,
7231.T,,
5975.T,,
5632.T,,
SKECLZ.KS,,
KOMIPO.KS,,
QNBK.QA,,
4516.T,,
6098.T,,
3048.T,,
MONC.MI,,
OSB.L,,
VGP.BR,,
ALPEKA.MX,,
BURL,2024-02-03,0
GRNG.ST,,
TML.BO,,
003720.KS,,
5707.T,,
1409.TW,,
2449.TW,,
ICNT,,
KFY,2024-04-30,9076
002705.SZ,,
BLKB,2023-12-31,3000
0212648D.AS,,
TLSUQ,,
1884.T,,
4403.T,,
4008.T,,
1059Z,,
ZG,2024-12-31,6856
SONACOMS.BO,,
AYI,2024-08-31,13200
FAF,2023-12-31,19210
MYTIL.AT,,
BME.L,,
WIZZ.L,,
PRTC.L,,
SAB1L,,
RWAY.MI,,
9627.T,,
7180.T,,
NNIT.CO,,
AER,2023-12-31,0
IBST.L,,
1310.HK,,
1332.T,,
8132.T,,
ENT.L,,
CONE,2021-12-31,456
7212.T,,
FLTR.L,,
AESB3.SA,,
FTV,2023-12-31,0
2296.T,,
3769.T,,
6755.T,,
POLHO.IS,,
DOOR,2023-12-31,10000
GYM.L,,
8984.T,,
7476.T,,
2122020Z.L,,
ZS,2024-07-31,7348
TWNK,2022-12-31,2800
7613.T,,
RDWR,2023-12-31,408
SRI,2023-12-31,4850
1381.HK,,
300124.SZ,,
338686Z,,
6324.T,,
ENAV.MI,,
DOM.MC,,
GROW.L,,
ESC.BO,,
6800.T,,
6153.TW,,
5274.TW,,
5698.T,,
CNXC,2024-11-30,450000
IEL.AX,,
STBP3.SA,,
LUG.TO,,
TSM1T,,
AUG1L,,
001060.KS,,
241590.KS,,
PAGS,2023-12-31,7273
CGEO.L,,
JTC.L,,
ANJT.JK,,
PCA.L,,
FPI.BK,,
9759.T,,
0795125D.KS,,
002851.SZ,,
VVV,2024-09-30,11500
1719.T,,
002326,,
3785184Z,,
MSA,2024-12-31,5200
ERO.TO,,
300760.SZ,,
MKTX,2023-12-31,881
6641.T,,
2345.TW,,
224131Z.PA,,
PPH.L,,
FIHO12.MX,,
AGUA*.MX,,
BZUN,2023-12-31,7827
TECO2,,
67995MF,,
1046710D.BO,,
O5G.DE,,
0891540D.AS,,
3264.TW,,
5018.T,,
N91.L,,
BUFAB.ST,,
BCPC,2023-12-31,1302
TPRO.MI,,
5001277Z,,
1748576D.T,,
4532.TW,,
TAKEZ.T,,
0975605D.L,,
7028965Z.DE,,
600522.SZ,,
601100.SZ,,
002821.SZ,,
YOU.DE,,
MAREL.AS,,
AKSGY.IS,,
BPAN4.SA,,
CLSN.L,,
CPA1T,,
CRAYN.OL,,
CCPR3.SA,,
6134.T,,
GRE.MC,,
SOMA3.SA,,
HTWS.L,,
LJQQ3.SA,,
MEDCL.PA,,
MIPS.ST,,
MTRE3.SA,,
SKO.NZ,,
326030.KS,,
WOSG.L,,
GAS.MI,,
7337.T,,
133535Z.L,,
9682.T,,
4826.T,,
4687.T,,
4996.T,,
1873735D,,
6737.T,,
6214.TW,,
GAMA.L,,
1864083D,,
1615903D.L,,
064350.KS,,
3473926Z,,
WEN,,
ASAI3.SA,,
9110.T,,
0096150D.ST,,
025100,,
LUG,,
8173.T,,
1337.HK,,
8187593Z.IS,,
TEF.L,,
GFT.DE,,
401159Z,,
RDOR3.SA,,
361610.KS,,
5930,,
FAST.AS,,
SCGP.BK,,
EMBASSY.BO,,
EMBRACB.ST,,
AKH.OL,,
PTON,,
WIX.L,,
VNT,,
3182.T,,
4968.T,,
5857.T,,
3964.T,,
8399.T,,
3328.T,,
9658.T,,
4215.T,,
4275.T,,
9099.T,,
8014.T,,
4820.T,,
9470.T,,
7433.T,,
5902.T,,
6200.T,,
4743.T,,
2124.T,,
6055.T,,
7600.T,,
7513.T,,
7949.T,,
3543.T,,
6349.T,,
5440.T,,
3132.T,,
3978.T,,
6264.T,,
7456.T,,
4249.T,,
1973.T,,
7943.T,,
2001.T,,
5959.T,,
6914.T,,
1871.T,,
7034.T,,
1926.T,,
4022.T,,
4220.T,,
2910.T,,
7944.T,,
4633.T,,
1961.T,,
4471.T,,
6287.T,,
4726.T,,
8050.T,,
3697.T,,
1952.T,,
2395.T,,
7607.T,,
6197.T,,
2471.T,,
8934.T,,
8137.T,,
3179.T,,
6432.T,,
6768.T,,
3201.T,,
1805.T,,
3415.T,,
6351.T,,
074600.KS,,
6750.T,,
8275.T,,
6989.T,,
7380.T,,
7213.T,,
9090.T,,
9788.T,,
8793.T,,
9147.T,,
1786.T,,
3544.T,,
4098.T,,
6058.T,,
2735.T,,
6298.T,,
MBG.DE,,
SLVM,2023-12-31,6500
8150.TW,,
DASA3.SA,,
002028,,
MEGA3.SA,,
TENERGY.AT,,
STAG,2024-12-31,91
AURE3.SA,,
NOVA,2023-12-31,2047
3249,,
ASAN,2024-01-31,1840
FLNG.OL,,
1257.HK,,
SWB.KL,,
ARLO,2023-12-31,363
8341.T,,
Not found,,
ABMRF,,
ACC.NS,,
ACXIF,,
ACR.F,,
ATVI,2022-12-31,13000
ADVOF,,
0O77.IL,,
ACEJF,,
ACSAF,,
3711.TW,,
AGO.WA,,
TSX:AEM,,
8527.T,,
AIL.DE,,
0HBQ.L,,
AKAAF,,
ALFVF,,
RAIL3.SA,,
ALBKF,,
ALLN.SW,,
AOMD.DE,,
ALSRF,,
6113.T,,
AMZN,2024-12-31,1556000
AMBUJACEM.BO,,
0HF6.L,,
0HF3.L,,
AMLTF,,
ANFGF,,
8304.T,,
AMSYF,2023-12-31,126756
DEVOBA,,
ASIANPAINT.BO,,
ASML,2023-12-31,42400
ALPMF,,
0OA7.L,,
ARZGF,,
AZN,2023-12-31,0
ATAZF,,
ATRLJ-B.ST,,
ASTVF,,
AUKUF,,
NASDAQ:ADP,,
AXISBANK.BO,,
BALL,2023-12-31,21000
BLDP,2023-12-31,0
BALN.SW,,
BRSR5.SA,,
BIRG,,
SAN.WA,,
8522.T,,
BNS,2024-10-31,0
BKIMF,,
GOLD,2023-12-31,0
BAYN.SG,,
0AH7.L,,
BCE,2023-12-31,0
BIOCON.BO,,
0R1B.L,,
BLSFF,,
BAMXF,,
0HOT.L,,
BPE5.DE,,
0HOY.L,,
BVHMF,,
BMBLF,,
BTVCF,,
AVGO,2024-11-03,37000
BZLFF,,
BBRYF,,
BYIT.L,,
CNE,,
CP,2023-12-31,18233
TSX: CTC.A,,
CM,2024-10-31,0
CAPMF,,
CABHF,,
MRN,,
0HTG.L,,
CCC.WA,,
CPYYF,,
CEZ.PR,,
0A18.L,,
CHG.L,,
6412.T,,
0728.HK,,
CIG,2023-12-31,4917
TRPL3.SA,,
5832.T,,
TW-2412,,
0R13.L,,
COYJF,,
C09.SI,,
CLAS-B.ST,,
NYSE:CL,,
CGECF,,
C52.SI,,
CBHD.DE,,
COLR.BR,,
CFRHF,,
DT,2024-03-31,4700
2313.TW,,
CSGP,2023-12-31,6152
CSAN,2023-12-31,11656
1199.HK,,
CRWKF,,
CRBN,,
COIHF,,
CYRE3.SA,,
Error: 'ascii' codec can't encode characters in position 33-39: ordinal not in range(128),,
BSN.DE,,
D05.SI,,
DCCPF,,
DELRF,,
DCHPF,,
0YCP.L,,
DENKF,,
DB1.DE,,
DHL.DE,,
DDCCF,,
DMPZF,,
DRW8.DE,,
DSDVF,,
DXCO3.SA,,
台湾证券交易所股票代码：3211,,
ENAKF,,
EJT1.DE,,
EGFEF,,
RS1.L,,
0O5H.IL,,
ENGGF,,
EMP.A,,
ENGI11.SA,,
ERF,2023-12-31,0
0N9S.IL,,
Trading symbol “EOG” on New York Stock Exchange,,
NYSE:EQR,,
ECR.MC,,
ERCG.DE,,
EI.SW,,
ETL.PA,,
EVN.VI,,
0IRF.IL,,
0IJN.L,,
FCR.UN,,
FHN,2023-12-31,7378
FI,,
0L9Q.L,,
FSL.BO,,
FBU.AX,,
FLIDF,,
FOJCF,,
FNV,2023-12-31,0
FNLPF,,
GASNF,,
GECFF,,
GENSF,,
GGBR3.SA,,
FCHRF,,
GRRMF,,
GIL,2023-12-31,0
GLAPF,,
GLAXF,2023-12-31,70212
GMKN.ME,,
GODREJCP.BO,,
E5H.SI,,
GRASIM.NS,,
GPEAF,,
GNCGF,,
GWWTF,,
GIFLF,2023-12-31,2000
GCC,2019-12-31,0
HMSB.DE,,
HRUFF,,
HLMA,,
9042.T,,
HOG,2023-12-31,3
HL.L,,
HDD.DE,,
8276.T,,
HELNF,,
HMI.DE,,
0J50.L,,
HIK:LN,,
HINDNATGLS.NS,,
HINDZINC.NS,,
HCXLF,,
3865.T,,
HOCFF,,
HCHDF,,
HCMLF,,
0003.HK,,
H78.SI,,
HBBHF,,
0005.HK,,
2880.TW,,
8386.T,,
0K9W.IL,,
8368.T,,
IBE1.DE,,
069960.KS,,
ICICIBANK.BO,,
5019.T,,
6174815Z.SA,,
IMYSF,,
IMIAF,,
IPXAF,,
IHCPF,,
IDEXF,,
IFPJF,,
INFY.NS,,
TSX: IFC,,
IKTSF,,
IITSF,,
ISRG,2024-12-31,15638
INJJF,,
KINV-B.ST,,
IPSOF,,
8001.T,,
ISB.IC,,
0RP4.L,,
ITSA3.SA,,
IVCGF,,
JFROF,,
JISLJALEQS.NS,,
JHX,2024-03-31,5679
JCDXF,,
5411.T,,
JMPLY,,
JSWSTEEL.NS,,
4521.T,,
4613.T,,
9006.T,,
KMR,,
KGH.WA,,
0683.HK,,
KESKOA.HE,,
KCDMF,,
KGP.L,,
KGC,2023-12-31,0
4970.T,,
4547.T,,
KLBN11.SA,,
KOTAKBANK.BO,,
KRNNF,,
1951.T,,
LOR.DE,,
LGDDF,,
0F29.L,,
LGGNF,,
LYG,2023-12-31,62569
LSEG,,
LKOH.ME,,
LUN,,
MOH.DE,,
MTB,2023-12-31,22223
MBUMY,,
NYSE:M,,
MGA,2022-12-31,0
M&M.NS,2024-02-03,0
MAKSF,,
MFI,2023-12-31,33
MARICO.BO,,
8002.T,,
MMK.VI,,
3088.T,,
MDBPF,,
2886.TW,,
MLSPF,,
0QQ7.L,,
TIGO-SDB.ST,,
0O6D.L,,
MRCHF,,
MITFF,,
MFG,,
MSLOF,,
MONDF,,
MCRUF,,
ADANIPORTS.NS,,
VTRS,,
7832.T,,
NBK on the Kuwait Stock Exchange,,
MCG.L,,
NNGF.DE,,
036570.KS,,
NEF.DE,,
NGT.TO,,
5333.T,,
NGKSF,,
8056.T,,
6779.T,,
4114.T,,
NPSGF,,
NOA3.DE,,
NHYKF,,
NDA-DK.CO,,
NSKOG.OL,,
NPH.JO,,
TSX: NPI,,
NOVC.DE,,
NVSEF,,
9007.T,,
NYKRE,,
POST.VI,,
OMV.DE,,
0KBK.L,,
SNGNF,,
ORPEF,,
5541.T,,
0QYR.L,,
PAY.L,,
PEAB-B.ST,,
PES.DE,,
PBA,,
PEGRF,,
PDRDF,,
PGEJF,,
PHI1.DE,,
DISAU,2022-12-31,4
0KIT.L,,
PXD,2023-12-31,2213
0OQ0.L,,
2685.T,,
DRPRF,,
LON:PFD,,
HBR.L,,
PBSFF,,
FPLPF,,
2378.HK,,
0QO8.L,,
PRYMF,,
PGPEF,,
PMMAF,,
PZCUY,,
RED.MC,,
RAIFF,,
RAA.DE,,
3RB.DE,,
RDEB.DE,,
RGA,2023-12-31,3900
IWGFF,,
NYSE:RF,,
RRX,2023-12-31,32100
RNL.DE,,
BB,2024-02-29,0
0NZN.L,,
RKWBF,,
RCI,2023-12-31,0
RRU.DE,,
RY,2024-10-31,0
IDS.L,,
7453.T,,
RHCGF,,
SAAB-B.ST,,
CODGF,,
SSNLF,,
SNYNF,2024-12-31,300000
8381.T,,
SANM,2024-09-28,37000
SUVPF,,
7010.SR,,
SVLPF,,
8473.T,,
SBSNF,,
SHNWF,,
SSEZF,,
SA,2023-12-31,0
SOMLF,,
S7MB.BE,,
SKHSF,,
8714.T,,
SECCF,,
SVNDF,,
RWI.AS,,
MATR.TO,,
SHECF,,
8227.T,,
5831.T,,
2888.TW,,
SGIOF,,
8303.T,,
SHREECEM.NS,,
SHWDF,,
SKFOF,,
SSRM,2023-12-31,2500
2890.TW,,
SKF-B.ST,,
SKSBF,,
SMGKF,,
SMFTF,,
SVYSF,,
SZHFF,,
SOLAR-B.CO,,
SMIZF,,
SFT.F,,
SSABAH.HE,,
ABDN,,
STJPF,,
SBGOF,,
STH,,
SUMCF,,
SLF,2024-12-31,0
STMNF,,
SMFNF,2024-03-31,9600
SURDF,,
SUN.AX,,
SZKMF,,
SWGAF,,
SWED-A.ST,,
SSREF,,
SWSDF,,
SWZCF,,
GEN,2024-03-29,3400
TAH.AX,,
SSMXF,,
TDHOF,,
5880.TW,,
TATACOMM.NS,,
TATAPOWER.BO,,
TCS.NS,,
TATACHEM.NS,,
2531.T,,
TATASTEEL.NS,,
TATYY,,
TECHM.NS,,
TIAOF,,
TEL2-A.ST,,
TELIA1.HE,,
TA1.DE,,
TELNF,,
4863.KL,,
0700.HK,,
TEX,2024-12-31,11400
TCO0.DE,,
TERRF,,
TGSNF,,
TIMB,2023-12-31,9275
TRI,2023-12-31,0
VANTI.PA,,
9602.T,,
TBURF,,
9533.T,,
0Q0C.L,,
TMRAF,,
TD,2024-10-31,0
TTE,2023-12-31,14000
5310.T,,
Error: 'ascii' codec can't encode characters in position 29-32: ordinal not in range(128),,
0KD1.L,,
TSMRF,,
TGVSF,,
ULTRACEMCO.BO,,
CRIN.DE,,
UUGWF,,
USIM6.SA,,
VER.VI,,
V03.SI,,
PARA,2022-12-31,24500
VET,2023-12-31,0
VWSB.DE,,
VDRFF,,
VAS.DE,,
VOW.WA,,
VODPF,2024-03-31,93000
WALMEX.MX,,
NYSE:VMC,,
WEIGF,,
WFG,2024-12-31,0
MF.PA,,
FERG,2023-07-31,32000
WIN,,
WIPRO.BO,,
005945.KS,,
WOLWF,,
WPPGF,2023-12-31,114173
2212.T,,
YESBANK.BO,,
YPF,2023-12-31,21594
ZENSARTECH.NS,,
ANSGR.IS,,
Error: 'ascii' codec can't encode character '\u200b' in position 35: ordinal not in range(128),,
SISE.IS,,
BHW.WA,,
004000.KS,,
SKC.AX,,
ADANIPOWER.NS,,
AKA.PA,,
BEP,2023-12-31,4770
LPP.WA,,
KTY.WA,,
SAIC,2024-02-02,24000
2344.TW,,
5347.TWO,,
MEIYF,,
KOF.PA,,
ITP.PA,,
0ELV.L,,
ERF.PA,,
AIR.DE,,
TCAP,,
STEM,2023-12-31,624
STVG.L,,
TBVPF,,
PTBA.JK,,
2834.TW,,
3532.TW,,
2603.TW,,
NICE,2023-12-31,8384
ESLT,2023-12-31,4600
KTB.BK,,
V4TA.BE,,
VIL.PA,,
LON:DPLM,,
BMRI.JK,,
SKB.DE,,
RCDOF,,
INDUSINDBK.BO,,
7004.T,,
6810.T,,
RY4C.DE,,
OXB.L,,
REDD.L,,
LIAB.ST,,
METSA.HE,,
PHM,2024-12-31,6793
PWR,2023-12-31,52500
BKNG,2023-12-31,23600
ORLY,2022-12-31,87745
ICL,2023-12-31,13619
1NBA.DE,,
BIOVF,,
AKBLF,,
UBS,2023-12-31,0
HA,2023-12-31,7362
ICHGF,,
000150.KS,,
BOIVF,,
PFC,2022-12-31,1206
WALL-B.ST,,
5483.TWO,,
9921.TW,,
8299.TWO,,
VID,,
BKHPF,,
AYYLF,,
UN9.DE,,
0MN5.L,,
GBOOF,,
SNIRF,,
IDDWF,,
0ISM.L,,
WITH.HE,,
TRKNF,,
0QZF.L,,
VODAF,,
GTQ1.DE,,
0HDQ.L,,
STF.PA,,
3034.TW,,
RUBSF,,
AYAAF,,
SGM.DE,,
Error: HTTP Error 401: Unauthorized,,
ZIVO,2023-12-31,8
ECMPA.AS,,
DSFIR.AS,,
KMD.AX,,
SWEC-B.ST,,
STE-R.ST,,
0GEG.L,,
SKIS-B.ST,,
ORNAV.HE,,
NKRKF,,
WDGJF,,
BLWYF,,
JSNSF,,
EG7.IR,,
ARMX.AE,,
3694.TW,,
6820.T,,
NLTBF,,
1FC.DE,,
2634.TW,,
BAKAB,,
APLUF,,
MRSA3B.SA,,
CDNIF,,
DOGEF,,
LTIM.NS,,
AMAL,2023-12-31,425
TIETOS.ST,,
BRBOF,,
IGD.MI,,
OSSFF,,
0NNC.L,,
8069.TWO,,
ACKB.BR,,
GIMB.BR,,
EURN,2023-12-31,0
SHC.L,,
JFHHF,,
CCI,2023-12-31,4700
LSTR,2023-12-30,1468
MPCFF,,
EXCL.JK,,
HPOL-B.ST,,
TPG.AX,,
SMBMF,,
KER.WA,,
0IPY.L,,
EQTL3.SA,,
FECCF,,
081660.KS,,
003670.KS,,
0HW0.L,,
6103.T,,
DIE.BR,,
WDP.BR,,
AMADF,,
ASAAF,,
KTCG.VI,,
PAL.VI,,
TATACONSUM.BO,,
MEG,,
HWDJF,,
AWK,,
SRF.NS,,
STLTECH.BO,,
0308213D.AS,,
JBSS,,
BGS,,
5002053Z,,
FTNT,,
RBBN,,
ELSSF,,
WOLF,,
600019.SS,,
ELHA.AT,,
GALAXYSURF.BO,,
SPIE.PA,,
MRE.TO,,
NMAKF,,
688533.SS,,
0303.HK,,
TNTFF,,
AKCNS,,
RAIZ4.SA,,
5096402ZCN,,
CNVVF,,
TTRAK.IS,,
TWE.AX,,
LACR.PA,,
AAGIY,,
APOLLOTYRE.BO,,
LEN.DE,,
BABWF,,
SFRGF,,
138930.KS,,
ADDT-B.ST,,
JSW.WA,,
DLTR,,
139480.KS,,
NXR.L,,
3110.T,,
6136.T,,
ENAT3.SA,,
TOTS3.SA,,
0DH7.L,,
BIOG-B.ST,,
0HR3.L,,
FPAR-A.ST,,
0QVE.L,,
000100.SZ,,
AC.MX,,
BBO Bolsa de Valores de Colombia,,
CMTOY,,
GEB:CB,,
MXCHF,,
CPAXT,,
0320.HK,,
0J2I.L,,
AGCO,2023-12-31,27900
0HG3.L,,
AJG,2023-12-31,52000
BIO,2024-12-31,950
DECK,2024-03-31,4800
DLB,2024-09-27,2080
FL,2024-02-03,14335
GPN,2024-12-31,27000
LPLA,2023-12-31,8400
RYN,2023-12-31,438
REG,2024-12-31,500
SFD,,
THO,2024-07-31,22300
ENS,2024-03-31,10797
600660.SS,,
TIFS.L,,
股票代码为832694,,
002792.SZ,,
2010.SR,,
6516.T,,
6996.T,,
GFS,2023-12-31,12000
AMRC,2023-12-31,168
1232Z.MX,,
TTEK,2024-09-29,30000
NWIDE,,
MUL.L,,
2613.T,,
0676250D,,
PTEC.L,,
BDGSF,,
REC.L,,
TRI.L,,
DSCV.L,,
0973.HK,,
0272.HK,,
DIISF,,
GBNXF,,
VSVS.L,,
FIVE.IL,,
SHOO,2023-12-31,2900
PCH,2024-12-31,1383
GODREJPROP.BO,,
XRO.AX,,
BPAC11.SA,,
EZTC3.SA,,
COGN3.SA,,
0QQE.L,,
0IP1.L,,
0KF5.L,,
CRI,2023-12-30,15230
8960.T,,
TYO: 8697,,
PHOR.ME,,
9302.T,,
8103.TW,,
6168.TW,,
5388.TW,,
300602.SZ,,
0R53.L,,
HANDSC,,
SUP,2023-12-31,6600
ZIM,2023-12-31,860
7279.T,,
ZWS,2024-12-31,2500
5351.TWO,,
2458.TW,,
MAHLIFE.NS,,
2478.TW,,
0QND.L,,
RBT,2023-12-31,340
YDUQ3.SA,,
2874.T,,
5911.T,,
4553.T,,
3918.HK,,
0425.HK,,
7867.T,,
8074.T,,
CNH,,
AMARAJABAT.NS,,
SBYSF,,
TYMN.L,,
NLMK.ME,,
A2M.AX,,
DANHOS13.MX,,
3291.T,,
7606.T,,
VEEV,2024-01-31,7172
4587.T,,
181710.KS,,
MIO,,
NOG.L,,
GAPB.MX,,
0Y4Q.L,,
VOYJF,,
FDDMF,,
0375408D.PA,,
020000.KS,,
1477.TW,,
3617.TW,,
002444.SZ,,
7215.T,,
5393.T,,
7246.T,,
6461.T,,
WK,2023-12-31,2526
IGTI11.SA,,
3197.T,,
0ROQ.L,,
0QN0.L,,
0QKB.L,,
LON:JUST,,
GMS.L,,
TTBXF,,
TKFTF,,
DAL.L,,
0HM0.L,,
UPL.NS,,
ARVIND.BO,,
0IPT.L,,
EDVMF,,
0QM6.L,,
INDV,2023-12-31,1164
6407.T,,
TITC.BR,,
PERSISTENT.BO,,
5602.T,,
TATAMETALI.NS,,
4221.T,,
GEGYF,,
3689,,
4919.TW,,
ICIL.BO,,
GGPS3.SA,,
OEC,2023-12-31,1650
2312.TW,,
SH.603281,,
002456.SZ,,
603118.SS,,
CURY.L,,
603013.SS,,
2355.TW,,
6965649Z.MX,,
6456.TW,,
1979.HK,,
EBQ.L,,
SONATSOFTW.BO,,
CXM,2024-01-31,3869
4116.T,,
CAML3.SA,,
TLS,2023-12-31,619
SYNGENE.NS,,
600601.SS,,
6277.T,,
PLCE,2024-02-03,8390
688055.SS,,
AXTEL.BO,,
CLNXF,,
PRTC,2023-12-31,200000
ALSO3.SA,,
LAGR-B.ST,,
1COV.F,,
BCART.BR,,
MRL.MC,,
0R40.L,,
IFSUF,,
CRFSA,,
HSW.L,,
2127.T,,
7846.T,,
PNDX-B.ST,,
DXCM,2023-12-31,9600
FANG,2023-12-31,1023
PTC,2024-09-30,7501
YELP,2023-12-31,4872
IBJHF,,
PITAF,,
CHRRF,,
7113.KL,,
PWON.JK,,
1264Z.CO,,
1893.T,,
 GCO,,
1333.T,,
8043.T,,
 DAR,,
SAPR11.SA,,
1899.HK,,
HRT,2023-12-31,3190
002016.SZ,,
ETWO,2024-02-29,3916
6798.T,,
300123.SZ,,
002026.SZ,,
ORIENTCEM.BO,,
PTVE,2023-12-31,15000
JKTYRE.NS,,
0QMS.L,,
VESTA.MX,,
BID.JO,,
ENELCHILE.SN,,
LILA,2023-12-31,10600
7189.T,,
GRGSF,,
LTTS.BO,,
RBLBANK.BO,,
0G1T.L,,
VACN.SW,,
DALBHARAT.BO,,
MELI,2023-12-31,15638
BAMI,2023-12-31,0
CRFB3.SA,,
603456.SS,,
300856.SZ,,
CSIQ,2023-12-31,22200
JSG.L,,
6486.TWO,,
0403.HK,,
COUP,2022-01-31,3076
300907.SZ,,
4708.T,,
301003.SZ,,
DHGAF,,
ESSITY-B.ST,,
6488.TWO,,
GLVHF,,
3288.T,,
PCZ.DE,,
TTALF,,
0RPZ.L,,
688070.SS,,
TBCCF,,
GRWXF,,
B4B3.DE,,
3105.TWO,,
2057.HK,,
INREF,,
HZN,2021-12-31,3800
6112.TW,,
1616.TW,,
6844.T,,
GTT,2019-12-31,3100
5702.T,,
7296.T,,
000970.SZ,,
600067.SS,,
2015.TW,,
002328.SZ,,
002139.SZ,,
1609.TW,,
5274.TWO,,
1729.HK,,
02341,,
300593.SZ,,
COHR,2024-06-30,26000
PSN,2023-12-31,0
002855.SZ,,
3627,,
6558.TW,,
0636.HK,,
5288.KL,,
267260.KS,,
XELA,2023-12-31,14100
PTBL3.SA,,
002553.SZ,,
603380.ss,,
IDPUF,,
UNI.MC,,
VBBR3.SA,,
0YSU.L,,
ELKEF,,
0R4M.L,,
TSMTF,,
PPH.JO,,
ADANIENSOL.BO,,
2269.HK,,
ENOG.TA,,
006060.KS,,
600549.SS,,
ZAIN.KW,,
AMGDF,,
5371.TWO,,
ATRAV.HE,,
ORTHEX.HE,,
APETIT.HE,,
PSTG,2024-02-04,5600
1582.TW,,
BKI,2022-12-31,6100
TENG.L,,
301187.SZ,,
002455.SZ,,
600366.SS,,
2071,,
GRAPHITE.BO,,
002594.SZ,,
002831.SZ,,
000049.SZ,,
688567.SS,,
3217.TWO,,
SEQL3.SA,,
ELF,,
AARTIIND.NS,,
002326.SZ,,
VOLCAR-B.ST,,
EQGPF,,
TKO.PA,,
9434.T,,
601138.SS,,
TWKS,,
VPLAY-A.ST,,
SBLK,,
SINCH.ST,,
INTR,,
0QVR.L,,
CPAC,,
AGUA.MX,,
9991.HK,,
MDB,,
TEO,,
2618.HK,,
1707.TW,,
GODREJAGRO.NS,,
RNW,,
AKEL-D.ST,,
SBB-B.ST,,
Taiwan OTC Exchange Ticker Symbol: 3246 TWO,,
5481.T,,
300879.SZ,,
002931.SZ,,
002182.SZ,,
IPEL.L,,
0OQ2.L,,
7408.T,,
VECO,,
KLIC,,
2421.TW,,
FOXF,,
837375,,
FRPT,,
0J1G.L,,
RENEW.ST,,
0RU6.L,,
2329.TW,,
TMST,,
AYDEM,,
EMIRATESNBD.AE,,
600498.SS,,
TYO: 6920,,
CARR,,
RST.L,,
MAREL.IC,,
AKSGY,,
GYL,,
CJT.TO,,
SYNE3.SA,,
ECTXF,,
6406.T,,
GPRK,,
GFL,,
GOR.AX,,
HTWSF,,
002920.SZ,,
JDE.DE,,
KMP.UN,,
LOGG3.SA,,
7780.T,,
NEOEN.PA,,
PETZ3.SA,,
TRENT.BO,,
0G67.L,,
688772.SS,,
600580.SS,,
300261.SZ,,
002250.SZ,,
6680.HK,,
301007.SZ,,
002391.SZ,,
600885.SS,,
3479.TW,,
台灣股票代號3206,,
603920.SH,,
6275.TW,,
605058.SS,,
AST.WA,,
BGC.BK,,
8084.T,,
9939.TW,,
001218.SZ,,
832127,,
ALFRE.PA,,
0RPY.L,,
6135.T,,
MTLS,2023-12-31,0
4548.T,,
3551.T,,
UMG.AS,,
ZI,2023-12-31,3516
DOCMF,,
CROX,2024-12-31,7910
002056.SZ,,
6368.T,,
089030.KQ,,
839890,,
GATC.L,,
BSY,2023-12-31,0
ASIX,2023-12-31,1450
RYAM,2023-12-31,2800
2419.TW,,
SAYAJIIND.BO,,
MAI.L,,
1763.HK,,
VTSCF,,
0O2W.L,,
JUFO.CA,,
COLD,2022-12-31,15484
CSL,2024-12-31,5500
WGO,2024-08-31,5700
5930.T,,
6951.T,,
CREDITACC.BO,,
5Y7A.F,,
HUBS,2024-12-31,8246
AZEK,2024-09-30,2276
OGN,2023-12-31,4000
INPOF,,
REXR,2024-12-31,271
ACEN,,
ISEC.BO,,
SEDG,2023-12-31,5633
CERT,2023-12-31,1400
CHGG,2023-12-31,1979
SDIP-B.ST,,
SUVENPHAR.BO,,
TTEN3.SA,,
6718.T,,
6291.T,,
5933.T,,
3548.T,,
4481.T,,
Error: 'ascii' codec can't encode characters in position 33-36: ordinal not in range(128),,
6958.T,,
9692.T,,
6905.T,,
9621.T,,
7085.T,,
4611.T,,
1980.T,,
2153.T,,
4549.T,,
9517.T,,
3649.T,,
1813.T,,
3104.T,,
6814.T,,
7990.T,,
7637.T,,
7552.T,,
4410.T,,
8803.T,,
6866.T,,
6745.T,,
3854.T,,
9934.T,,
8098.T,,
4326.T,,
3774.T,,
4028.T,,
7972.T,,
6544.T,,
JPMC,,
9717.T,,
4975.T,,
3465.T,,
9025.T,,
7226.T,,
NXCLF,,
7821.T,,
7925.T,,
6095.T,,
6787.T,,
6455.T,,
9384.T,,
7811.T,,
5011.T,,
4997.T,,
4465.T,,
6490.T,,
6741.T,,
6480.T,,
1515.T,,
6651.T,,
3983.T,,
6644.T,,
3267.T,,
7199.T,,
1435.T,,
6789.T,,
8140.T,,
9900.T,,
5932.T,,
4443.T,,
8061.T,,
8165.T,,
9262.T,,
7816.T,,
6196.T,,
5805.T,,
1979.T,,
4025.T,,
1815.T,,
5074.T,,
8337.T,,
3433.T,,
9960.T,,
8151.T,,
6369.T,,
9058.T,,
8057.T,,
9416.T,,
6089.T,,
1870.T,,
6250.T,,
6240.T,,
9305.T,,
9324.T,,
323410.KS,,
009450.KS,,
057050.KS,,
6409.TW,,
6704.T,,
1975.T,,
4828.T,,
7775.T,,
4072.T,,
5076.T,,
2933.T,,
4463.T,,
8091.T,,
6157.T,,
4979.T,,
7350.T,,
9248.T,,
4931.T,,
4636.T,,
2676.T,,
7971.T,,
4369.T,,
9418.T,,
1885.T,,
6809.T,,
6182,,
DFY.TO,,
VVEO3.SA,,
KD,2024-03-31,80000
831730,,
002707.SZ,,
NCNO,2024-01-31,1653
601231.SS,,
GOFORE.HE,,
TW,2024-12-31,1412
ALCLA.PA,,
002028.SZ,,
300337.SZ,,
8255,,
CFLT,2023-12-31,2744
KNOW.ST,,
TOM2.AS,,
0KGY.L,,
3882.HK,,
839035.SS,,
300638V,,
4915.TW,,
RVL.TA,,
002913.SS,,
ALDEL.PA,,
605133.SS,,
KTEK.DE,,
301005.SZ,,
688355.SS,,
北交所上市-苏轴股份 430418,,
839830,,
STK,,
ZD,2023-12-31,4200
300952.SZ,,
5434.TW,,
CYRX,2023-12-31,1170
1571.HK,,
073240.KS,,
336370.KS,,
301051.SZ,,
1478.HK,,
SBOK.ST,,
1560.TW,,
6947,,
6789,,
3680.TWO,,
835792,,
2415.TW,,
002866.SZ,,
300857.SZ,,
TREAF,,
2897.TW,,
4985.T,,
ECLERX.BO,,
GEKTERNA.AT,,
CENTUM.BO,,
329180.KS,,
WEYS,2023-12-31,608
0L98.L,,
VAR.OL,,
INSE.L,,
Error: 'ascii' codec can't encode characters in position 29-40: ordinal not in range(128),,
ANE.MC,,
2384.T,,
2383.TW,,
NFC.L,,
NMGTSX.V,,
CMCO,2024-03-31,3515
023810.KS,,
3249.T,,
cury3.SA,,
AGXY3.SA,,
FLNG,2023-12-31,10
DOLE,2023-12-31,34078
CPC.L,,
HLE.DE,,
MTX,2023-12-31,217
002228.SZ,,
IOLCP.BO,,
LOCL,2023-12-31,301
AHWSF,,
WPS.L,,
5211.KL,,
TEGA3.SA,,
8131.TW,,
普萊德科技股份有限公司(股票代碼:6263),,
SKE,2023-12-31,0
EAPIF,,
SQZ.L,,
HLNCF,2023-12-31,25408
KETL.L,,
BREE.L,,
3309.T,,
3481.T,,
BEWI.OL,,
MAXN,2023-12-31,43
4968.TW,,
6269.TW,,
APEI,2023-12-31,27000
CWT,2023-12-31,1266
FWRD,2023-12-31,4014
MODV,2023-12-31,0
OMI,2023-12-31,13700
QTWO,2024-12-31,2477
GOTO.JK,,
AR4.DE,,
PBRX.JK,,
YINS,,
FMGOETZE.NS,,
PCBL.BO,,
SUNFLAG.BO,,
BHCCF,,
TFW.L,,
CFC.DE,,
DZSI,2023-12-31,0
300127.SZ,,
002014.SZ,,
688166.SS,,
002318.SZ,,
002489,,
AXISCADES.BO,,
2608.TW,,
835185.BJ,,
301281.SZ,,
600160.SS,,
300686.SZ,,
HAA1.F,,
6120.TW,,
301308.SZ,,
301307.SZ,,
3138.TW,,
ALMIL.PA,,
8210.TW,,
688087.SH,,
TFPM,,
2450.TW,,
