Symbol_1,date,environmentalScore,socialScore,governanceScore,ESGScore
III.L,,,,,
ABE.MC,,,,,
ABM,2024-10-31,70.71,64.39,62.45,65.85
ABT,2024-09-30,64.7,54.9,63.3,60.97
ADN.L,,,,,
A2A.MI,,,,,
BGA.JO,,,,,
ACC.BO,,,,,
ANA.MC,,,,,
AC.PA,,,,,
ACX.MC,,,,,
ADP.PA,,,,,
ADM.L,,,,,
unknown,,,,,
AIP.JO,,,,,
ADEN.SW,,,,,
AGN.AS,,,,,
AGS.L,,,,,
8267.T,,,,,
ABBN.SW,,,,,
MMM,2024-12-31,67.97,69.87,71.11,69.65
ANF,2024-11-02,24.92,29.52,35.82,30.09
ACE.MI,,,,,
ADBE,2024-11-29,71.21,70.39,63.32,68.31
AMD,2024-09-28,59.24,58.23,61.09,59.52
GETI4.SA,,,,,
AET,,,,,
AFL,2024-09-30,60.72,67.33,59.76,62.61
AXL.JO,,,,,
ARI.JO,,,,,
A,2024-10-31,76.67,69.41,63.12,69.74
2802.T,,,,,
AHL1V.HE,,,,,
AC.TO,,,,,
AF.PA,,,,,
AI.PA,,,,,
AIR.NZ,,,,,
APD,2024-12-31,68.21,74.16,75.12,72.5
ALU.PA,,,,,
AKBNK.IS,,,,,
AKAM,2024-09-30,60.08,51.49,66.26,59.28
AKZA.AS,,,,,
AA,2024-09-30,65.32,72.23,78.27,71.94
AGN,2020-03-31,61.95,55.88,63.57,60.47
ALN1V.HE,,,,,
AOI,,,,,
ATST.L,,,,,
ALL,2024-09-30,57.24,61.96,55.49,58.23
ALV.DE,,,,,
AEL.JO,,,,,
ALBK.L,,,,,
AWC.AX,,,,,
ALO.PA,,,,,
AOX.DE,,,,,
MO,2024-09-30,59.54,55.07,68.87,61.16
1154Z,,,,,
AMEAS.HE,,,,,
AAL,2024-09-30,71.27,64.55,70.82,68.88
AEE,2024-09-30,60.26,75.4,79.02,71.56
AMC.AX,,,,,
AMFW.L,,,,,
AXP,2024-12-31,57.91,64.29,55.73,59.31
AMGN,2024-12-31,65.84,54.25,67.53,62.54
AML.L,,,,,
AMP.AX,,,,,
APC,2019-06-30,74.9,65.31,72.08,70.76
AAL.L,,,,,
AMS.JO,,,,,
ANG.JO,,,,,
APA.AX,,,,,
STS.MI,,,,,
ANTO.L,,,,,
AON,2024-09-30,58.68,71.3,62.83,64.27
ATR,2024-12-31,55.8,54.64,54.19,54.88
ARCAD.AS,,,,,
ACL.JO,,,,,
ARX.TO,,,,,
MT.AS,,,,,
ARM.L,,,,,
2502.T,,,,,
5201.T,,,,,
3407.T,,,,,
4503.T,,,,,
APN.JO,,,,,
G.MI,,,,,
ATK.L,,,,,
AZN.L,,,,,
2357.TW,,,,,
ASX.AX,,,,,
T,2024-12-31,73.25,58.33,69.35,66.98
ATEA.OL,,,,,
ATL.MI,,,,,
ATCO-A.ST,,,,,
ATO.PA,,,,,
ATA.TO,,,,,
2409.TW,,,,,
AIA.NZ,,,,,
ANZ.AX,,,,,
AMS.SW,,,,,
ADSK,2024-10-31,75.57,62.35,73.4,70.44
ADP,2024-12-31,65.7,64.76,70,66.82
3414924Q,,,,,
AEG.JO,,,,,
AVY,2024-09-28,70.65,78.15,72.48,73.76
AV.L,,,,,
AVP,2020-06-30,61.69,70.36,65.04,65.7
CS.PA,,,,,
SPR.DE,,,,,
AXFO.ST,,,,,
BBY.L,,,,,
BA.L,,,,,
BHGE,,,,,
BES.LS,,,,,
BMPS.MI,,,,,
BBDC3.SA,,,,,
BCP.LS,,,,,
BBAS3.SA,,,,,
GALI,,,,,
BMO.TO,,,,,
SAB.MC,,,,,
BO.CO,,,,,
POP.MC,,,,,
SAN.MC,,,,,
BAC,2024-09-30,71.5,53.9,56.9,60.77
BCVN.SW,,,,,
BK,2024-09-30,72.64,72.4,70.68,71.91
BNS.TO,,,,,
BKT.MC,,,,,
BARC.L,,,,,
BAS.DE,,,,,
BAW.JO,,,,,
BLKB.SW,,,,,
BSKP.SW,,,,,
BAX,2024-09-30,79.3,65.19,75.75,73.41
BAYN.DE,,,,,
BBVA.MC,,,,,
BCE.TO,,,,,
BEZ.L,,,,,
BDX,2024-12-31,74.37,61.41,62.08,65.95
BEKN.SW,,,,,
PROX.BR,,,,,
BEN.AX,,,,,
BBY,2024-11-02,84.43,75.9,71.71,77.35
BG/.L,,,,,
BHP.AX,,,,,
BB.PA,,,,,
BIIB,2024-12-31,71.95,64.1,74.43,70.16
BNP.PA,,,,,
BMW.DE,,,,,
BON.PA,,,,,
BA,2024-12-31,61.16,53.86,62.97,59.33
BOL.ST,,,,,
1015Z.L,,,,,
BP.L,,,,,
EN.PA,,,,,
BVS.L,,,,,
BRKM3.SA,,,,,
BMY,2024-12-31,72.89,64.88,68.47,68.75
8179618Q.L,,,,,
BATS.L,,,,,
BLND.L,,,,,
SKY.L,,,,,
BRCM,2015-09-30,58.94,59.88,67.51,62.11
BR,2024-12-31,62.08,57.98,76.46,65.5
BAM-A.TO,,,,,
BF-A,2024-10-31,60.13,42.21,51.72,51.35
BT-A.L,,,,,
BNZL.L,,,,,
BRBY.L,,,,,
BWP.AX,,,,,
BVI.PA,,,,,
BZU.MI,,,,,
CA,,,,,
GCC.L,,,,,
CNE.L,,,,,
CXGD.LS,,,,,
CPB,2024-10-27,78.49,78.52,82.85,79.95
CNR.TO,,,,,
CP.TO,,,,,
CTC.TO,,,,,
CM.TO,,,,,
7751.T,,,,,
COF,2024-09-30,54.09,63.71,54.74,57.51
CAP.PA,,,,,
3091Z,,,,,
CAH,2024-12-31,63.29,51.82,63.34,59.48
CLLN.L,,,,,
CCL,2024-11-30,53.24,50.41,67.03,56.89
CA.PA,,,,,
CBG,,,,,
CO.PA,,,,,
6952.T,,,,,
CYT.TO,,,,,
0293.HK,,,,,
CGL.L,,,,,
CCL-A.TO,,,,,
CELG,2019-09-30,57.91,66.23,65.54,63.23
CEMEXCPO.MX,,,,,
CNP,2024-09-30,59.01,64.01,72.66,65.23
ELET6.SA,,,,,
CLSC4.SA,,,,,
CNA.L,,,,,
CEQ.OL,,,,,
NVN.AX,,,,,
028260.KS,,,,,
CVX,2024-09-30,40.02,49.45,61.18,50.22
3481.TW,,,,,
2002.TW,,,,,
CMIG3.SA,,,,,
CESP3.SA,,,,,
PCAR3.SA,,,,,
2412.TW,,,,,
CSCO,2025-01-25,89.67,69.55,71.37,76.86
CIE.MC,,,,,
CIEN,2024-11-02,64.57,65.65,65.69,65.3
CI,2024-09-30,64.67,55.33,70.6,63.53
C,2024-09-30,66.45,73.53,62.61,67.53
CIT,2002-12-31,69.01,68.93,62.17,66.7
CLN.SW,,,,,
CLASB.ST,,,,,
0002.HK,,,,,
CLX,2024-12-31,72.94,72.78,73.58,73.1
CU.PA,,,,,
COB.L,,,,,
CMS,2024-12-31,68.75,78.43,79.71,75.63
CNP.PA,,,,,
CL,2024-12-31,65.81,66.51,65.8,66.04
CCL.AX,,,,,
COLBUN.SN,,,,,
KO,2024-09-27,67.98,61.95,72.15,67.36
CCE,,,,,
CCA.TO,,,,,
CTSH,2024-12-31,65.73,65.23,64.33,65.1
CBK.DE,,,,,
COLOB.CO,,,,,
COLT.L,,,,,
CMA,2024-09-30,66.71,74.78,66.92,69.47
CCRO3.SA,,,,,
CBA.AX,,,,,
2324.TW,,,,,
CFR.SW,,,,,
CPWR,2023-12-31,66.29,62.62,59.57,62.83
SBSP3.SA,,,,,
CAG,2024-11-24,65.28,55.53,72.4,64.4
COP,2024-09-30,50.44,72.31,64.57,62.44
CNX,2024-12-31,71.55,66.34,64.96,67.62
ED,2024-06-30,66.35,65.35,69.44,67.05
STZ,2024-11-30,52.8,54.23,72.85,59.96
CON.DE,,,,,
5021.T,,,,,
CPFE3.SA,,,,,
CWK.L,,,,,
CSGN.SW,,,,,
CVAL.MI,,,,,
ACA.PA,,,,,
CSL.AX,,,,,
CRST.L,,,,,
CRH.L,,,,,
CABK.MC,,,,,
CWN.AX,,,,,
CRDA.L,,,,,
CY,2019-12-29,62.08,68.71,67.88,66.22
CSX,2024-09-30,57.4,61.2,73.56,64.05
CMI,2024-12-31,72.14,64.77,68.68,68.53
CVS,2024-12-31,59.26,60.51,69.48,63.09
047040.KS,,,,,
000210.KS,,,,,
006800.KS,,,,,
7912.T,,,,,
4202.T,,,,,
6367.T,,,,,
4568.T,,,,,
DAI.DE,,,,,
DCG.L,,,,,
1925.T,,,,,
BN.PA,,,,,
DANSKE.CO,,,,,
DRI,2024-11-24,45.74,49.04,50.66,48.48
8163.TW,,,,,
DE,2025-01-26,74.73,68.72,71.74,71.73
DCC.L,,,,,
DLAR.L,,,,,
DF,,,,,
DLPH,2020-06-30,69.9,70.05,72.76,70.9
DAL,2024-12-31,58.17,62.3,73.89,64.79
DELL,2024-11-01,89.06,85.14,66.08,80.09
191738Z,,,,,
4324.T,,,,,
DLN.L,,,,,
DXS.AX,,,,,
DBK.DE,,,,,
DB11,,,,,
DPB.DE,,,,,
DPW.DE,,,,,
DTE.DE,,,,,
DVN,2024-09-30,55.94,60.06,68.98,61.66
DGE.L,,,,,
DIGI.KL,,,,,
DTV,2015-06-30,51.91,59.61,64.43,58.65
DSY.JO,,,,,
DNO.OL,,,,,
DST.JO,,,,,
DOW,2024-12-31,62.76,65.27,65.67,64.57
DOM.L,,,,,
005830.KS,,,,,
042670.KS,,,,,
034020.KS,,,,,
5714.T,,,,,
DPS,,,,,
DOW.AX,,,,,
DTE,2024-12-31,58.83,77.89,75.38,70.7
GEPA4.SA,,,,,
DTEX3.SA,,,,,
EOAN.DE,,,,,
DD,2024-12-31,55.71,56.74,69.18,60.54
ECL,2024-09-30,59.63,62.16,69.42,63.74
KODK,2024-09-30,69.7,65.56,71.27,68.84
ETN,2024-09-30,65.76,67.05,71.97,68.26
EBAY,2024-09-30,72.54,64.93,68.67,68.72
ENBR3.SA,,,,,
EDP.LS,,,,,
ECM.L,,,,,
ELUXB.ST,,,,,
EKTA-B.ST,,,,,
EKO.OL,,,,,
EDF.PA,,,,,
LLY,2024-09-30,74.26,61.87,67.88,68
EMBR3.SA,,,,,
EMC,2016-06-30,58.16,63.97,70.74,64.29
ELISA.HE,,,,,
ELT.OL,,,,,
2331.TW,,,,,
ENG.MC,,,,,
EMA.TO,,,,,
EHL.AX,,,,,
EMI.JO,,,,,
EBK.DE,,,,,
ECA.TO,,,,,
ENEL.MI,,,,,
ENB.TO,,,,,
ELE.MC,,,,,
ERF.TO,,,,,
ENI.MI,,,,,
ETR,2024-09-30,61.59,71.63,74.62,69.28
ERIC-B.ST,,,,,
EBS,2024-09-30,60.46,64.45,60.55,61.82
0988125D,,,,,
ESOIL.BO,,,,,
EI.PA,,,,,
EL,2024-12-31,67.33,69.18,62.55,66.35
ERM.L,,,,,
EVN,,,,,
EXC,2024-12-31,73.57,76.54,72.18,74.09
XOM,2024-09-30,57.47,73.88,70.22,67.19
EXX.JO,,,,,
FITB,2024-09-30,50.18,66.41,58.14,58.24
FDX,2024-11-30,69.03,61.56,55.95,62.18
FER.MC,,,,,
FCAU,2019-12-31,66,71.06,70.45,69.17
LDO.MI,,,,,
FIA1S.HE,,,,,
FTT.TO,,,,,
ESNT.L,,,,,
FGP.L,,,,,
FCR.TO,,,,,
FSLR,2024-09-30,78.19,63.95,62.6,68.25
FSR.JO,,,,,
FBU.NZ,,,,,
FLS.CO,,,,,
FLR,2024-09-30,61.68,62.22,78.2,67.37
7947.T,,,,,
BEN,2024-12-31,61.98,56.6,62.72,60.43
FRA.DE,,,,,
ORA.PA,,,,,
FOE.OL,,,,,
FRES.L,,,,,
6504.T,,,,,
5803.T,,,,,
7270.T,,,,,
FUXRZ.T,,,,,
4901.T,,,,,
6702.T,,,,,
5801.T,,,,,
VIFN.SW,,,,,
GFS.L,,,,,
GALP.LS,,,,,
GPS,2024-11-02,47.33,53.42,68.67,56.48
4449001Z.L,,,,,
GAS.MC,,,,,
GTO.AS,,,,,
GEBN.SW,,,,,
ENGI.PA,,,,,
GFC.PA,,,,,
GIS,2024-11-24,72.4,65.1,75.18,70.89
GM,2024-12-31,60.21,66.48,67.03,64.57
GE,2024-12-31,65.39,66.92,74.66,68.99
GNW,2024-09-30,61.15,68.79,64.5,64.81
GF.SW,,,,,
WN.TO,,,,,
GIVN.SW,,,,,
GXI.DE,,,,,
GETI-B.ST,,,,,
GSK.L,,,,,
GOG.L,,,,,
GFI.JO,,,,,
G.TO,,,,,
GS,2024-09-30,69.34,67.28,64.57,67.06
GOOG,2024-12-31,59.99,59.97,61.63,60.53
GT,2024-12-31,70.65,71.88,66.29,69.61
UNLS,,,,,
GRI.L,,,,,
GPOR.L,,,,,
GNK.L,,,,,
RIA.PA,,,,,
GRT.JO,,,,,
GRF.MC,,,,,
GND.JO,,,,,
GRF.JO,,,,,
GET.PA,,,,,
AIM.TO,,,,,
006360.KS,,,,,
HMB.ST,,,,,
HAL,2024-12-31,48.07,64.16,60.32,57.51
HLMA.L,,,,,
HHFA.DE,,,,,
HNA.OL,,,,,
161390.KS,,,,,
117930.KS,,,,,
HNR1.DE,,,,,
HAR.JO,,,,,
HAV.PA,,,,,
HIG,2024-09-30,58.48,51.87,55.19,55.18
HAS,2024-09-29,71.78,74.17,68.72,71.56
HAS.L,,,,,
HCLT.BO,,,,,
HDFCB.BO,,,,,
HTO.AT,,,,,
HEI.DE,,,,,
HEIA.AS,,,,,
JHG.L,,,,,
HEN3.DE,,,,,
HER.MI,,,,,
HELN.SW,,,,,
HES,2024-09-30,61.94,61.18,75.87,66.33
HIK.L,,,,,
6305.T,,,,,
6501.T,,,,,
4217.T,,,,,
HZ.BO,,,,,
HSX.L,,,,,
HOT.DE,,,,,
HOLM-B.ST,,,,,
LHN.SW,,,,,
HD,2024-10-27,82.38,60.32,75.27,72.66
HCI.JO,,,,,
HOME.L,,,,,
011170.KS,,,,,
0006.HK,,,,,
7267.T,,,,,
.0044HK,,,,,
HSP,,,,,
HST,2024-09-30,59,61.63,71.35,63.99
HSBA.L,,,,,
HUBN.SW,,,,,
HLM.JO,,,,,
HUM,2024-09-30,69.86,62.89,66.57,66.44
000660.KS,,,,,
000720.KS,,,,,
IBE.MC,,,,,
005380.KS,,,,,
001450.KS,,,,,
011200.KS,,,,,
012330.KS,,,,,
004020.KS,,,,,
4062.T,,,,,
ICAD.PA,,,,,
WCN.TO,,,,,
IMP.JO,,,,,
IEM.L,,,,,
NK.PA,,,,,
7013.T,,,,,
ILV.JO,,,,,
IPL.JO,,,,,
IMB.L,,,,,
IDR.MC,,,,,
ITX.MC,,,,,
INGA.AS,,,,,
IAG.TO,,,,,
INH.DE,,,,,
024110.KS,,,,,
INDUA.ST,,,,,
IFN.AX,,,,,
INFO.BO,,,,,
IDFC.BO,,,,,
IOF.AX,,,,,
IR,2024-09-30,69.77,67.58,66.86,68.07
IMN.TO,,,,,
1605.T,,,,,
ICP.L,,,,,
IBM,2024-09-30,59.53,66.55,60.94,62.34
INTC,2024-12-28,78.35,80.7,78.89,79.31
IFC.TO,,,,,
IAG.AX,,,,,
IVZ,2024-09-30,46.5,56.56,64.11,55.72
IFF,2024-09-30,66.59,66.84,68.14,67.19
IP,2024-09-30,62.63,64.84,71.74,66.4
ISP.MI,,,,,
INTU,2024-10-31,64.27,59.5,57.07,60.28
INVEA.ST,,,,,
IVC.AX,,,,,
IPS.PA,,,,,
ISAGEN,,,,,
ITE.L,,,,,
ITC.BO,,,,,
ISS.CO,,,,,
IT.MI,,,,,
ITSA4.SA,,,,,
ITUB3.SA,,,,,
JBL,2024-11-30,33.1,31.26,50.19,38.18
JBSS3.SA,,,,,
VIAV,2024-12-28,24.9,12.44,65.39,34.24
JMT.LS,,,,,
JM.ST,,,,,
JMAT.L,,,,,
JNJ,2024-12-29,82.79,68.31,70.15,73.75
JLL,2024-09-30,56.62,70.75,76.25,67.87
JSE.JO,,,,,
JPM,2024-12-31,57.75,70.86,62.02,63.54
JNPR,2024-09-30,68.22,63.18,66.94,66.12
4452.T,,,,,
1812.T,,,,,
105560.KS,,,,,
9107.T,,,,,
7012.T,,,,,
9433.T,,,,,
002380.KS,,,,,
K,2024-09-28,70.66,66.71,75.37,70.91
KEMIRA.HE,,,,,
0273412D.TO,,,,,
KIE.L,,,,,
KESAV.HE,,,,,
KEY,2024-09-30,54.78,63.39,61.27,59.81
2503.T,,,,,
KIM,2024-09-30,58.81,56.68,61.3,58.93
KMB,2024-12-31,74.2,75.82,72.59,74.21
KGF.L,,,,,
K.TO,,,,,
9041.T,,,,,
5406.T,,,,,
KPG.NZ,,,,,
KLBN4.SA,,,,,
LI.PA,,,,,
1012Z.OL,,,,,
KSS,2024-11-02,52.8,66.84,66.83,62.16
7984.T,,,,,
6301.T,,,,,
KNEBV.HE,,,,,
KOG.OL,,,,,
4902.T,,,,,
KBC.DE,,,,,
KRFT,,,,,
3405.T,,,,,
KRN.DE,,,,,
030200.KS,,,,,
033780.KS,,,,,
KNIN.SW,,,,,
6326.T,,,,,
KIO.JO,,,,,
OR.PA,,,,,
LG.PA,,,,,
LAND.L,,,,,
LXS.DE,,,,,
LT.BO,,,,,
LAT1V.HE,,,,,
LVS,2024-12-31,63.22,60.52,61.55,61.76
NOT,,,,,
LR.PA,,,,,
LM,2020-03-31,60.97,66.26,70.42,65.88
CIM.AX,,,,,
LEM1S.HE,,,,,
LGEN.L,,,,,
LSG.OL,,,,,
LBH.JO,,,,,
LEVI,2024-12-01,54.74,58.87,59.91,57.84
LXK,2016-03-31,77.5,65.75,58.34,67.2
051910.KS,,,,,
066570.KS,,,,,
051900.KS,,,,,
LIGT3.SA,,,,,
1255459D,,,,,
LB,2024-09-30,68.21,72.83,70.02,70.35
6955017Z.L,,,,,
0823.HK,,,,,
4912.T,,,,,
LLOY.L,,,,,
2301.TW,,,,,
LREN3.SA,,,,,
LMT,2024-12-31,67.82,66.7,68.78,67.77
LSE.L,,,,,
LMI.L,,,,,
LOW,2024-11-01,63.9,67.48,74.24,68.54
LSI,2023-03-31,73.57,75.87,73.01,74.15
LUN.CO,,,,,
LUPE.ST,,,,,
MC.PA,,,,,
MM.BO,,,,,
MOL.BD,,,,,
MAY.KL,,,,,
MAN.DE,,,,,
MKS.L,,,,,
MAR,2024-12-31,59.33,63.58,70.16,64.36
MFC.TO,,,,,
MAP.MC,,,,,
MRFG3.SA,,,,,
MHG.OL,,,,,
4614Z,,,,,
MMC,2024-12-31,53.47,55.39,61.02,56.63
MSLH.L,,,,,
MRVL,2024-11-02,66.1,63.67,59.23,63
MAS,2024-12-31,53.58,55.16,59.04,55.93
MSM.JO,,,,,
7261.T,,,,,
MAT,2024-09-30,67.44,71.76,65.67,68.29
MCB.L,,,,,
SPGI,2024-12-31,68.89,68.37,72.97,70.07
MWV,,,,,
MEDAA.ST,,,,,
MDC.JO,,,,,
MB.MI,,,,,
MDT,2024-10-25,79.35,68.31,61.25,69.64
MRK.DE,,,,,
MRK,2024-09-30,75.78,72.32,72.93,73.67
CEC.DE,,,,,
MTS.AX,,,,,
MMI.JO,,,,,
METSO.HE,,,,,
MSFT,2024-12-31,71.75,58.7,60.1,63.52
MLC.L,,,,,
MIC.ST,,,,,
037620.KS,,,,,
MGR.AX,,,,,
7011.T,,,,,
MTO.L,,,,,
5711.T,,,,,
4188.T,,,,,
6503.T,,,,,
4183.T,,,,,
8306.T,,,,,
8411.T,,,,,
9104.T,,,,,
MON,2022-06-30,59.03,76.43,70.19,68.55
MOL,,,,,
TAP,2024-09-30,65.34,70.47,75.7,70.5
MTGA.ST,,,,,
MN.MI,,,,,
0133220D,,,,,
MND.AX,,,,,
MNDI.L,,,,,
MRW.L,,,,,
MOS,2024-09-30,63.5,69.91,82.72,72.04
MGAM.L,,,,,
MGNS.L,,,,,
MS,2024-09-30,62.17,73.05,57.8,64.34
MTN.JO,,,,,
0066.HK,,,,,
MGPI,2024-09-30,74.29,66.58,72.13,71
6981.T,,,,,
MUV2.DE,,,,,
MUR.JO,,,,,
9044.T,,,,,
NPK.JO,,,,,
NDAQ,2024-09-30,69.12,63.92,59.5,64.18
ETE.AT,,,,,
8367.T,,,,,
NAB.AX,,,,,
NA.TO,,,,,
NEX.L,,,,,
NG.L,,,,,
NCCA.ST,,,,,
NATU3.SA,,,,,
6701.T,,,,,
NED.JO,,,,,
NESTE.HE,,,,,
NESN.SW,,,,,
NTC.JO,,,,,
NTAP,2024-10-25,77.75,61.87,64.15,67.93
CLS.JO,,,,,
NCM.AX,,,,,
NEM,2024-09-30,64.41,68.66,86,73.02
FOX,2024-12-31,50,72.6,65.51,62.7
NHH.MC,,,,,
NXI.PA,,,,,
7731.T,,,,,
9432.T,,,,,
NI,2024-12-31,58.74,66.43,78.56,67.91
4612.T,,,,,
9101.T,,,,,
7240.T,,,,,
8604.T,,,,,
NOKIA.HE,,,,,
7201.T,,,,,
6988.T,,,,,
3105.T,,,,,
NKT.CO,,,,,
NOBI.ST,,,,,
NDA.ST,,,,,
NSC,2024-12-31,59.67,64.59,69.56,64.6
NDX1.DE,,,,,
NHM.JO,,,,,
ES,2024-12-31,62.67,74.06,73.28,70
NTRS,2024-09-30,72.91,79.67,78.93,77.17
NOC,2024-12-31,63.41,65.71,77.01,68.71
NPRO.OL,,,,,
NOVOB.CO,,,,,
NZYMB.CO,,,,,
NOVN.SW,,,,,
NVTK,,,,,
NRG,2024-09-30,56.76,72.89,75.16,68.27
6471.T,,,,,
9613.T,,,,,
9437.T,,,,,
6472.T,,,,,
8933.T,,,,,
NVDA,2024-10-27,68.9,66.51,69.95,68.46
1802.T,,,,,
0686576D,,,,,
OHL.MC,,,,,
ODPV3.SA,,,,,
ODF.OL,,,,,
POST,2024-12-31,99.76,67.25,75.92,80.98
OML.L,,,,,
7733.T,,,,,
OMV,,,,,
ARI.AX,,,,,
OMC,2024-12-31,56.15,54,62.25,57.47
6645.T,,,,,
ST,2024-09-30,52.09,54.97,60.68,55.91
1272705D.TO,,,,,
ORCL,2024-11-30,71.7,69.16,63.7,68.19
9532.T,,,,,
ORK.OL,,,,,
ORA,2024-09-30,72.44,64.79,60.14,65.79
ORI.ST,,,,,
8591.T,,,,,
OUT1V.HE,,,,,
OTE1V.HE,,,,,
2343.HK,,,,,
OC,2024-09-30,70.33,66.38,72.97,69.89
PNA.AX,,,,,
6752.T,,,,,
PWTN.SW,,,,,
PGHN.SW,,,,,
PH,2024-12-31,75.94,70.03,74.56,73.51
1615842Z.L,,,,,
IGTE,,,,,
PEABB.ST,,,,,
PSON.L,,,,,
PGF.TO,,,,,
PNN.L,,,,,
OBE.TO,,,,,
RI.PA,,,,,
POM,2020-03-31,73.24,67.54,66.19,68.99
PPT.AX,,,,,
PKI,2023-12-31,65.85,65.59,69.53,66.99
PEP,2024-12-28,71.57,73.45,72.94,72.65
PSN.L,,,,,
PGS.OL,,,,,
PETR3.SA,,,,,
PCG,2024-12-31,64.19,72.16,77.35,71.23
PFE,2024-09-29,77.04,60.14,68.69,68.62
PHIA.AS,,,,,
PM,2024-12-31,66.27,57.74,65.52,63.18
PIK.JO,,,,,
6773.T,,,,,
PC.MI,,,,,
PBI,2024-09-30,54.02,53.84,52.54,53.46
PNC,2024-09-30,53.65,60,58.23,57.29
PCL,2015-12-31,63.66,69.7,68.71,67.36
PSSA3.SA,,,,,
005490.KS,,,,,
KER.PA,,,,,
PHR.LS,,,,,
PX,2024-09-30,71.11,75.41,82.14,76.22
PFL.L,,,,,
PPC.JO,,,,,
PMO.L,,,,,
PFG,2024-09-30,53.6,66.66,67.53,62.6
PLD,2024-12-31,78.57,66.58,75.05,73.4
PFG.L,,,,,
PSPN.SW,,,,,
PTTEP.BK,,,,,
PTT.BK,,,,,
PRU,2024-12-31,60.43,67.12,60.76,62.77
QQ.L,,,,,
PUB.PA,,,,,
QAN.AX,,,,,
PUM.DE,,,,,
QCE.DE,,,,,
QBE.AX,,,,,
2352.TW,,,,,
DGX,2024-09-30,65.36,61.15,64.95,63.82
REE,2024-09-30,95.88,80.2,75.53,83.87
RAK.NZ,,,,,
RBI,,,,,
RRS.L,,,,,
RAT.L,,,,,
RTN,2019-12-31,57.74,69.38,68.31,65.14
RDF.JO,,,,,
RKT.L,,,,,
REL.L,,,,,
RNO.PA,,,,,
REM.JO,,,,,
RENE.LS,,,,,
3941.T,,,,,
RSW.L,,,,,
REP.MC,,,,,
BB.TO,,,,,
RTO.L,,,,,
RLO.JO,,,,,
7752.T,,,,,
0161814Z,,,,,
RBA.TO,,,,,
RIO.AX,,,,,
5947.T,,,,,
ROG.SW,,,,,
COL,,,,,
ROCKB.CO,,,,,
ROK,2024-12-31,67.68,72.85,75.43,71.98
RCI-B.TO,,,,,
RR.L,,,,,
RCL,2024-12-31,57.03,65.47,69.44,63.98
RBS.L,,,,,
RY.TO,,,,,
RSA.L,,,,,
KPN.AS,,,,,
RDSA.L,,,,,
RWE.DE,,,,,
RUS.TO,,,,,
SK.PA,,,,,
R,2024-12-31,59.57,59.65,64.75,61.32
SAABB.ST,,,,,
SGO.PA,,,,,
CRM,2024-10-31,72.87,63.41,63.27,66.52
010140.KS,,,,,
000830.KS,,,,,
028050.KS,,,,,
000810.KS,,,,,
005930.KS,,,,,
009150.KS,,,,,
006400.KS,,,,,
012450.KS,,,,,
SNDK,2016-04-03,47.03,58.48,66.18,57.23
SAP.JO,,,,,
2501.T,,,,,
SAN.PA,,,,,
STO.AX,,,,,
SNT.JO,,,,,
SAP.DE,,,,,
SCAB.ST,,,,,
SAS.ST,,,,,
SOL.JO,,,,,
SCS.BO,,,,,
SVS.L,,,,,
SCVB.ST,,,,,
SLB,2024-12-31,68.07,59.87,59.95,62.63
SU.PA,,,,,
SCHA.OL,,,,,
SDR.L,,,,,
SSE.L,,,,,
SCC.TO,,,,,
STX,2024-12-27,75.47,74.51,66.1,72.03
SECUB.ST,,,,,
SGRO.L,,,,,
4204.T,,,,,
1928.T,,,,,
SRE,2024-09-30,70.42,82.61,81.54,78.19
6724.T,,,,,
SRP.L,,,,,
SESG.PA,,,,,
SVT.L,,,,,
3382.T,,,,,
VEDL.BO,,,,,
8410.T,,,,,
SGSN.SW,,,,,
SHB.L,,,,,
6753.T,,,,,
1803.T,,,,,
4063.T,,,,,
SHW,2024-09-30,53.36,54.16,60.51,56.01
4911.T,,,,,
055550.KS,,,,,
SIAL,,,,,
SRCM.BO,,,,,
SIE.DE,,,,,
SIK.SW,,,,,
2325.TW,,,,,
SHI.L,,,,,
SPG,2024-09-30,48.39,53.61,51.63,51.21
017670.KS,,,,,
SKAB.ST,,,,,
SNC.TO,,,,,
SN.L,,,,,
SRG.MI,,,,,
SKG.L,,,,,
SOLB.BR,,,,,
GLE.PA,,,,,
SW.PA,,,,,
SWVK.DE,,,,,
SOLARB.CO,,,,,
010950.KS,,,,,
MEL.MC,,,,,
SON.LS,,,,,
SNC.LS,,,,,
6758.T,,,,,
SOON.SW,,,,,
8630.T,,,,,
LUV,2024-12-31,65.7,56.61,72.49,64.93
SE,2024-09-30,63.66,98.44,77.19,79.76
S,2024-10-31,78.01,57.33,67.73,67.69
SDY.L,,,,,
SL/.L,,,,,
STAN.L,,,,,
STJ.L,,,,,
SGC.L,,,,,
SBK.JO,,,,,
SBUX,2024-12-29,70.23,70.71,72.11,71.02
HOT,2016-06-30,57.25,73.82,71.23,67.43
SPLS,2017-07-29,60.19,76.7,70.21,69.03
SWK,2024-09-28,62.55,59.89,65.61,62.69
STN.TO,,,,,
STT,2024-12-31,72.72,72.66,65.76,70.38
SGP.AX,,,,,
STLT.BO,,,,,
SCS,2024-11-22,71.17,68.25,72.48,70.63
STB.OL,,,,,
STMN.SW,,,,,
8053.T,,,,,
SEV.PA,,,,,
4005.T,,,,,
SUN.SW,,,,,
5802.T,,,,,
SLF.TO,,,,,
5110.T,,,,,
5713.T,,,,,
1911.T,,,,,
6302.T,,,,,
SU.TO,,,,,
SDL.AX,,,,,
0019.HK,,,,,
SHBA.ST,,,,,
SWEDA.ST,,,,,
SWMA.ST,,,,,
SYR.L,,,,,
SREN.SW,,,,,
SLHN.SW,,,,,
SCMN.SW,,,,,
SYMC,,,,,
SY1.DE,,,,,
SYNN.SW,,,,,
SYY,2024-12-28,73.17,69.47,79.48,74.04
TROW,2024-12-31,52.72,61.52,67.17,60.47
1801.T,,,,,
2330.TW,,,,,
TPWR.BO,,,,,
TCS.BO,,,,,
TTCH.BO,,,,,
TLV1V.HE,,,,,
4502.T,,,,,
TGT,2024-11-02,64.15,62.86,69.16,65.39
TATA.BO,,,,,
TATE.L,,,,,
TW.L,,,,,
TDC.CO,,,,,
TECHM.BO,,,,,
TRE.MC,,,,,
TEKNF,,,,,
SPK.NZ,,,,,
3401.T,,,,,
TEF.MC,,,,,
TLAB,,,,,
TELIA.ST,,,,,
TKA,,,,,
TEL.OL,,,,,
TKG.JO,,,,,
TLS.AX,,,,,
T.TO,,,,,
TER,2024-09-29,50.7,64.37,67.45,60.84
TSCO.L,,,,,
TRN.MI,,,,,
HO.PA,,,,,
HSY,2024-09-29,71.88,63.55,71.84,69.09
SPP.JO,,,,,
WBC.AX,,,,,
TIMP3.SA,,,,,
TRI.TO,,,,,
TKA.DE,,,,,
TCH.PA,,,,,
TBS.JO,,,,,
TWX,,,,,
TJX,2024-11-02,59.89,66.79,65.27,63.98
X.TO,,,,,
1860.T,,,,,
TNTE.AS,,,,,
3289.T,,,,,
TOL.AX,,,,,
8035.T,,,,,
8766.T,,,,,
9531.T,,,,,
6502.T,,,,,
TOM.OL,,,,,
TON.JO,,,,,
TOP.CO,,,,,
7911.T,,,,,
TD.TO,,,,,
3402.T,,,,,
FP.PA,,,,,
5332.T,,,,,
3101.T,,,,,
6201.T,,,,,
7203.T,,,,,
TRP.TO,,,,,
TCL-A.TO,,,,,
TPK.L,,,,,
TNI.L,,,,,
TCW.TO,,,,,
TRELB.ST,,,,,
4540.T,,,,,
TRU.JO,,,,,
TRYG.CO,,,,,
UBI.MI,,,,,
UAL,,,,,
TT/.L,,,,,
USB,,,,,
TUI.L,,,,,
UL.PA,,,,,
8113.T,,,,,
UCG.MI,,,,,
UIS,,,,,
ULVR.L,,,,,
UTG.L,,,,,
UNP,,,,,
UNI.MI,,,,,
UU.L,,,,,
UNH,,,,,
UTX,,,,,
UBM.L,,,,,
2303.TW,,,,,
UPS,,,,,
X,,,,,
UNM,,,,,
VALE3.SA,,,,,
VK.PA,,,,,
VIE.PA,,,,,
VER,2020-09-30,58.26,70.71,78.47,69.15
VED.L,,,,,
VEI.OL,,,,,
VZ,2024-12-31,75.23,56.48,68.86,66.86
VWS.CO,,,,,
VID.MC,,,,,
DG.PA,,,,,
2588Z.L,,,,,
VC,2024-09-30,73.9,67.75,77.88,73.18
VONN.SW,,,,,
VOW3.DE,,,,,
VOD.L,,,,,
VIV.PA,,,,,
WALMEX*.MX,,,,,
VWR,2017-09-30,42.61,63.88,69.91,58.8
WCH.DE,,,,,
DIS,2024-12-28,59.65,60.68,75.53,65.29
WMT,2024-10-31,70.83,54.22,54.82,59.96
WRT1V.HE,,,,,
WHS.NZ,,,,,
WM,2024-09-30,70.79,58.4,73.51,67.57
WFT,,,,,
WAT,2024-09-28,61.78,66.81,78.45,69.01
WEGE3.SA,,,,,
WEIR.L,,,,,
WFC,2024-09-30,73.54,66.43,62.14,67.37
WHA.AS,,,,,
WES.AX,,,,,
ANTM,2022-06-30,77.11,67.63,71.2,71.98
9021.T,,,,,
SMWH.L,,,,,
WY,2024-12-31,67.67,79.91,74.62,74.07
WFD.AX,,,,,
WHR,2024-12-31,56.65,69.13,65.17,63.65
WTB.L,,,,,
1415258Z.L,,,,,
WFM,2017-01-15,80.88,80.53,73.81,78.41
WOS.L,,,,,
WKL.AS,,,,,
WBO.JO,,,,,
WPRO.BO,,,,,
WPL.AX,,,,,
WHL.JO,,,,,
WOW.AX,,,,,
WPP.L,,,,,
WKP.L,,,,,
8176888Z,,,,,
0321382Z,,,,,
XRX,2024-09-30,78.42,62.89,69.98,70.43
XEL,2024-09-30,65.97,74.63,75.25,71.95
XCH.L,,,,,
WSP.TO,,,,,
WYN,,,,,
6845.T,,,,,
7951.T,,,,,
YRI.TO,,,,,
AABA,2017-03-31,65.2,58.29,61.97,61.82
YUM,2024-09-30,52.67,60.27,63.12,58.69
YES.BO,,,,,
5101.T,,,,,
AKENR.IS,,,,,
CCOLA.IS,,,,,
GARAN.IS,,,,,
HALKB.IS,,,,,
TSKB.IS,,,,,
VESTL.IS,,,,,
011070.KS,,,,,
108670.KS,,,,,
ACN,2024-11-30,68.48,66.58,73.93,69.66
CB,2024-09-30,49.1,53.75,55.15,52.67
6770.T,,,,,
DOX,2024-12-31,61.96,56.01,77.95,65.31
ADS.DE,,,,,
3231.TW,,,,,
OLAM,,,,,
NOBL,,,,,
0992.HK,,,,,
1402.TW,,,,,
MQG.AX,,,,,
CHC.AX,,,,,
AQP.AX,,,,,
OIBR3.SA,,,,,
FIBR3.SA,,,,,
BRML3.SA,,,,,
CSMG3.SA,,,,,
2382.TW,,,,,
TECK-A.TO,,,,,
DNB.OL,,,,,
CPLE3.SA,,,,,
021240.KS,,,,,
3044.TW,,,,,
AIR.PA,,,,,
TCG.L,,,,,
BWNG.L,,,,,
2356.TW,,,,,
BKG.L,,,,,
RPS.L,,,,,
1206031Z.L,,,,,
COST.L,,,,,
LIN.DE,,,,,
DLG.DE,,,,,
CWC.DE,,,,,
5AB.DE,,,,,
IIB.BO,,,,,
6268.T,,,,,
TED.L,,,,,
9513.T,,,,,
010120.KS,,,,,
2579.T,,,,,
METSB.HE,,,,,
KLED.ST,,,,,
KBHL.CO,,,,,
ICL.TA,,,,,
ABI.BR,,,,,
SJM,2024-10-31,60.59,53.59,61.34,58.51
JEC,,,,,
DOF.OL,,,,,
DNORD.CO,,,,,
JCP,2020-08-01,63.57,73.99,70.4,69.32
IRM,2024-12-31,55.92,61.52,69.23,62.22
BILL.ST,,,,,
UBSN.SW,,,,,
IHG.L,,,,,
006120.KS,,,,,
CONCHA.SN,,,,,
PFC.L,,,,,
WALLB.ST,,,,,
PIC.L,,,,,
6121.TW,,,,,
BVT.JO,,,,,
UGL.AX,,,,,
DELB.BR,,,,,
CCH.L,,,,,
FR.PA,,,,,
GFNORTEO.MX,,,,,
BVMF3.SA,,,,,
SNR.L,,,,,
SHP.L,,,,,
DUE.DE,,,,,
TTKOM.IS,,,,,
GWW,2024-09-30,53.4,59.2,61.62,58.07
WDC,2024-12-27,66.9,60.89,68,65.26
V,2024-12-31,37.95,51.99,66.33,52.09
VFC,2024-12-28,58.41,69.98,66.08,64.83
VTR,2024-12-31,52.39,56.22,64.69,57.77
VAR,2020-10-02,58.03,59.38,63.1,60.17
VOD.JO,,,,,
SLM.JO,,,,,
SGRE.MC,,,,,
TFI.PA,,,,,
BAP,2024-09-30,52.1,66.04,59.56,59.23
SEBA.ST,,,,,
HFG.L,,,,,
IRV.L,,,,,
IPF.L,,,,,
HLCL.L,,,,,
STM.MI,,,,,
FWEB.L,,,,,
EXPN.L,,,,,
CIEL3.SA,,,,,
WES.AS,,,,,
HEIJM.AS,,,,,
DSM.AS,,,,,
BANIF.LS,,,,,
BAMNB.AS,,,,,
TIE1V.HE,,,,,
STCAS.HE,,,,,
STERV.HE,,,,,
VAIAS.HE,,,,,
STL.OL,,,,,
SOFF.OL,,,,,
REC.OL,,,,,
NRE1V.HE,,,,,
HCN,,,,,
WG.L,,,,,
SBRY.L,,,,,
HCP,2024-10-31,64.99,69.16,56.34,63.5
FCX,2024-12-31,51.14,59.74,78,62.96
INL.JO,,,,,
OCE.JO,,,,,
561935Z,,,,,
0122952D,,,,,
SON,2024-09-29,78.49,77.03,68.73,74.75
0351562D,,,,,
YUNSA.IS,,,,,
MLHR,2021-11-27,81.17,62.58,77.75,73.83
0084962D,,,,,
TUPY3.SA,,,,,
EDW.L,,,,,
7672751Z.L,,,,,
300363.SZ,,,,,
SVR,,,,,
7225Z,,,,,
1073704D.L,,,,,
1105106Z.L,,,,,
KCOM.L,,,,,
88030Z.CO,,,,,
CVE.TO,,,,,
1083066Z.L,,,,,
MLS,,,,,
ENOC,2017-06-30,74.96,77.45,79.05,77.15
4471711Z.L,,,,,
5020.T,,,,,
0863739D,,,,,
764144Q,,,,,
5092Z,,,,,
8218497Z,,,,,
0123348D,,,,,
0575318D,,,,,
DELT.TA,,,,,
0303130Z,,,,,
HBI,2024-12-28,66.99,69.61,68.63,68.41
3273Z,,,,,
1147007Z.L,,,,,
MTCL.BO,,,,,
1056Z.SW,,,,,
SPWR,2023-10-01,73.5,68.61,71.21,71.11
0539909D,,,,,
0007073D,,,,,
BICB3.SA,,,,,
RANI4.SA,,,,,
AFB.ST,,,,,
EVRY.OL,,,,,
IRE.MI,,,,,
CHR.CO,,,,,
YNAP.MI,,,,,
RBP.JO,,,,,
TNET.BR,,,,,
COFB.BR,,,,,
BEFB.BR,,,,,
SANB3.SA,,,,,
JUP.L,,,,,
TALK.L,,,,,
XPP.L,,,,,
CTL,2020-09-30,74.31,72.7,63.52,70.18
034730.KS,,,,,
8725.T,,,,,
GRONT.AS,,,,,
JBHT,2024-09-30,57.7,51.39,61.85,56.98
071320.KS,,,,,
THI.TO,,,,,
NNB.ST,,,,,
7735.T,,,,,
ATS,2024-12-31,69.71,66.26,63.41,66.46
MMFS.BO,,,,,
TGBL.BO,,,,,
LULU,2024-10-27,45.34,63.43,69.11,59.29
NFX,,,,,
UPM1V.HE,,,,,
MSI,2024-12-31,77.58,66.99,66.09,70.22
ABG.MC,,,,,
INTEGRC1,,,,,
SOTL.BO,,,,,
6444.T,,,,,
7379247Z.PA,,,,,
H,2024-12-31,56.43,55.98,66.86,59.76
1552993D,,,,,
0178007D,,,,,
3970108Z.CO,,,,,
ITEC3.SA,,,,,
DBRE3.SA,,,,,
2485.TW,,,,,
MBDZ.T,,,,,
BSR.JO,,,,,
8179986Z.SA,,,,,
1485758D.SA,,,,,
LAYN,2002-07-31,61.04,45.83,56.91,54.59
4485043ZUS,,,,,
TILE,2024-09-29,56.44,66.76,66.68,63.29
9243917Z,,,,,
0003712D,,,,,
38263Z.SA,,,,,
495294Z.MC,,,,,
ELPL4.SA,,,,,
7580836Z,,,,,
BPOST.BR,,,,,
AZJ.AX,,,,,
IAG.L,,,,,
139130.KS,,,,,
BHY.L,,,,,
PTTGC.BK,,,,,
CNU.NZ,,,,,
6754.T,,,,,
BC.SW,,,,,
0219210Z,,,,,
3471930Z,,,,,
7121629Z.DE,,,,,
6175567Z.SA,,,,,
GMCR,2015-12-26,54.86,63.54,60.88,59.76
MAN,2024-09-30,72.77,83.13,78.85,78.25
222691Z.PA,,,,,
CTT.LS,,,,,
0545275D,,,,,
4113058Z.SN,,,,,
KORAILZ.KS,,,,,
OUTR,2016-06-30,66.13,80.58,71.47,72.73
CSTM,2024-09-30,38.04,68.34,70.71,59.03
1824.T,,,,,
MDLZ,,,,,
5330Z,,,,,
TME.NZ,,,,,
1616282Z.L,,,,,
EXSAI,,,,,
GSIT,,,,,
MLIFE.BO,,,,,
0145694D,,,,,
ALTA.PA,,,,,
CNHI,,,,,
RFP,,,,,
6857.T,,,,,
AFE.JO,,,,,
ACS.MC,,,,,
AGL.AX,,,,,
AKER.OL,,,,,
ALTR,2024-09-30,76.08,58.37,76.28,70.24
ACEM.BO,,,,,
AEP,2024-12-31,51.22,69.35,75.07,65.22
AAPL,2024-12-28,52.52,45.18,60.74,52.81
AMAT,2025-01-26,84.77,71.28,65.66,73.91
AIO.AX,,,,,
7936.T,,,,,
ASSAB.ST,,,,,
AVB,2024-09-30,66.4,53.68,60.75,60.28
BTOW3.SA,,,,,
BLL,2022-03-31,68.82,68.41,63.72,66.98
381469Z.L,,,,,
ABX.TO,,,,,
1115351Z.L,,,,,
BC8.DE,,,,,
BEI.DE,,,,,
BYG.L,,,,,
BXB.AX,,,,,
BVIC.L,,,,,
CTX.AX,,,,,
CNQ.TO,,,,,
CLS.TO,,,,,
CEP.MC,,,,,
CSNA3.SA,,,,,
9876566D,,,,,
4519.T,,,,,
CPG.L,,,,,
CPG.TO,,,,,
8750.T,,,,,
4506.T,,,,,
1878.T,,,,,
8601.T,,,,,
2308.TW,,,,,
DLM,,,,,
5132650Z.TO,,,,,
DNO.L,,,,,
DRX.L,,,,,
DRRD.BO,,,,,
ZIL2.DE,,,,,
4379945Z.L,,,,,
EXPD,2024-09-30,61.82,53.83,65.34,60.33
BMOABBD.TO,,,,,
4282549Z.MC,,,,,
FDR.PA,,,,,
FLEX,2024-12-31,62.29,67.37,66.27,65.31
FORTUM.HE,,,,,
F,2024-12-31,66.71,70.23,70.96,69.3
GAIL.BO,,,,,
GFRD.L,,,,,
2376.TW,,,,,
GOLL4.SA,,,,,
GPT.AX,,,,,
GWO.TO,,,,,
GRG.L,,,,,
6674.T,,,,,
8359.T,,,,,
HMSO.L,,,,,
CZR,2024-09-30,75.01,65.71,66.94,69.22
HNGI.BO,,,,,
HBM.TO,,,,,
HBAN,2024-12-31,46.07,64.67,53.62,54.78
HSE.TO,,,,,
IMG.TO,,,,,
IGM.TO,,,,,
SAL.MI,,,,,
ING.PA,,,,,
ITRK.L,,,,,
4155861Z.L,,,,,
2914.T,,,,,
JLG.L,,,,,
JSTL.BO,,,,,
5938.T,,,,,
KBC.BR,,,,,
KBANK.BK,,,,,
KNL,2021-03-31,50,50,50,50
036460.KS,,,,,
015760.KS,,,,,
6370.T,,,,,
2651.T,,,,,
003550.KS,,,,,
032640.KS,,,,,
LNC,2024-09-30,46.31,61.21,53.92,53.82
LAME3.SA,,,,,
LUN.TO,,,,,
MCD,2024-09-30,57.48,61.13,70.18,62.93
ESRX,,,,,
MCHP,2024-12-31,52.83,59.95,58,56.93
3706.TW,,,,,
KN.PA,,,,,
NAV,2020-10-31,60.21,66.48,65.19,63.96
NEX.PA,,,,,
NWL,2024-12-31,53,64.44,64.17,60.54
NXT.L,,,,,
5334.T,,,,,
4272.T,,,,,
9062.T,,,,,
NBL,2020-06-30,60.62,62.67,74.07,65.79
4307.T,,,,,
ORG.AX,,,,,
PFG.JO,,,,,
TPEIR.AT,,,,,
POW.TO,,,,,
PWF.TO,,,,,
PRU.L,,,,,
QBR/A.TO,,,,,
QLGC,2016-07-03,49.56,58.55,65.62,57.91
RDW.L,,,,,
RSG,2024-12-31,46.65,49.92,70.12,55.56
RXL.PA,,,,,
6963.T,,,,,
ROR.L,,,,,
RMG.L,,,,,
SAB.L,,,,,
SGE.L,,,,,
SAND.ST,,,,,
9735.T,,,,,
SEE,2024-09-30,67.83,63.56,71.25,67.55
RWI.L,,,,,
STE,2024-12-31,79.68,94.56,74.29,82.84
SDA1V.HE,,,,,
SPX.L,,,,,
SUI.JO,,,,,
SYKE,2020-12-31,55.97,61.96,63.19,60.37
TCOM.BO,,,,,
TTMT.BO,,,,,
6762.T,,,,,
TIT.MI,,,,,
4543.T,,,,,
TEVA,2024-12-31,58.48,49.19,64.21,57.29
BRSN.L,,,,,
6481.T,,,,,
3116.T,,,,,
2314944Z.L,,,,,
UTCEM.BO,,,,,
UGPA3.SA,,,,,
VATN.SW,,,,,
VET.TO,,,,,
VRTU,2020-09-30,53.06,75.61,70.6,66.42
WBA,2024-11-30,46.44,60.48,56.34,54.42
WLSI.BO,,,,,
WWAV,2016-12-31,59.48,65.98,69.01,64.82
WOR.AX,,,,,
9064.T,,,,,
ZURN.SW,,,,,
ARCLK.IS,,,,,
SKBNK.IS,,,,,
TOASO.IS,,,,,
068870.KS,,,,,
213500.KS,,,,,
BRFS3.SA,,,,,
SMDS.L,,,,,
VATT.ST,,,,,
QED.L,,,,,
SDF.DE,,,,,
4634.T,,,,,
7313.T,,,,,
6361.T,,,,,
6146.T,,,,,
MJN,2015-09-30,36.68,75.58,71.76,61.34
SBIN.BO,,,,,
CLF,2024-09-30,62.68,70.4,72.53,68.54
TIG.L,,,,,
YTY1V.HE,,,,,
OXIG.L,,,,,
2475.TW,,,,,
LRD.L,,,,,
2498.TW,,,,,
UG.PA,,,,,
034220.KS,,,,,
ALI,,,,,
BDEV.L,,,,,
SCT.LS,,,,,
4597026Z,,,,,
1004371D,,,,,
0703626D,,,,,
54308Z,,,,,
CAPC.L,,,,,
ASELS.IS,,,,,
KLOVA.ST,,,,,
CPF.BK,,,,,
ZOREN.IS,,,,,
ECOR3.SA,,,,,
AMS.MC,,,,,
VAL,2024-09-30,15.65,33.46,56.97,35.36
6794.T,,,,,
AKCNS.IS,,,,,
BKIA.MC,,,,,
XYL,2024-09-30,63.89,63.76,74.66,67.44
GJF.OL,,,,,
BCOLO,,,,,
VLK.AS,,,,,
BIOGB.ST,,,,,
8309.T,,,,,
EVKIF,,,,,
GRUPOSUR,,,,,
NUTRESA,,,,,
0026949D,,,,,
0128296D,,,,,
TNC,2024-09-30,73,80.41,75.32,76.24
PCX,2022-06-30,68.17,77.31,72.88,72.79
HAIN,2024-12-31,85.27,70.82,72.16,76.08
CR,2024-09-30,0.8,85.69,68.1,51.53
DNKN,2020-03-28,60.06,71.79,71.63,67.83
IMA.MI,,,,,
4627970Z.SW,,,,,
DBHN.DE,,,,,
2266328Z,,,,,
269171Z,,,,,
PDL.L,,,,,
PLCS.OL,,,,,
ABBV,2024-12-31,61.55,62.39,67.77,63.9
RXN,2020-03-31,62.19,65.79,63.01,63.66
SYNA,2024-12-28,58.87,68.96,68.79,65.54
0676419D,,,,,
1323.TW,,,,,
0333471D.BK,,,,,
1192Z.SW,,,,,
3863.T,,,,,
FNAC.PA,,,,,
RCL.JO,,,,,
SGL.JO,,,,,
NWS,2024-12-31,75.5,63.92,61.56,66.99
MEL.NZ,,,,,
2587.T,,,,,
VALMT.HE,,,,,
4512099Z.MI,,,,,
ANET,2024-09-30,50.17,49.41,59.8,53.13
IQV,2024-12-31,64.67,54.17,58.29,59.04
HANA.BK,,,,,
KORDS.IS,,,,,
0821582D.BO,,,,,
2638.HK,,,,,
003340,,,,,
0286046D.BO,,,,,
ISG.L,,,,,
0876412D.L,,,,,
7268593Z,,,,,
AP,2024-09-30,75.03,71.69,67.72,71.48
AES,2024-09-30,52.09,57.86,63.9,57.95
ATE.PA,,,,,
3596.TW,,,,,
AKE.PA,,,,,
ABF.L,,,,,
0252507D.L,,,,,
AGO.AX,,,,,
AXSB.BO,,,,,
BERY,2024-12-28,81.25,64.2,73.72,73.06
BAH,2024-12-31,54.88,51.54,70.45,58.96
BLD.AX,,,,,
BWA,2024-12-31,68.3,59.51,62.56,63.46
6448.T,,,,,
BCHN.SW,,,,,
3466803Z.L,,,,,
CAST.ST,,,,,
CEV.DE,,,,,
CGF.AX,,,,,
941.HK,,,,,
CTY1S.HE,,,,,
TPR,2024-12-28,60.65,57.76,68,62.14
DSY.PA,,,,,
4061.T,,,,,
6902.T,,,,,
DBAN.DE,,,,,
DBD,2024-09-30,81.44,74.24,75.39,77.02
DTY.L,,,,,
EMN,2024-12-31,65.58,66.62,67.37,66.52
EUROB.AT,,,,,
4523.T,,,,,
ELM.L,,,,,
FABG.ST,,,,,
FPH.NZ,,,,,
FMG.AX,,,,,
FRE.NZ,,,,,
3015.TW,,,,,
6457.T,,,,,
GCPL.BO,,,,,
GDSP.BO,,,,,
TLEVICPO.MX,,,,,
0011.HK,,,,,
HAR,,,,,
HTZ,2024-09-30,77.74,90.33,71,79.69
HLT,2024-12-31,66.1,61.86,73.52,67.16
8036.T,,,,,
HYP.JO,,,,,
IMI.L,,,,,
IGO.AX,,,,,
IM.AS,,,,,
IOCL.BO,,,,,
ISAT.L,,,,,
7202.T,,,,,
4185.T,,,,,
6473.T,,,,,
KEY.TO,,,,,
2801.T,,,,,
KSP.L,,,,,
KOMN.SW,,,,,
KCR1V.HE,,,,,
KMB.BO,,,,,
KUNN.SW,,,,,
KR,,,,,
L.TO,,,,,
GTK.MI,,,,,
LONN.SW,,,,,
MCRO.L,,,,,
NTGR,2024-12-31,55.82,52.94,56.5,55.09
NMDC.BO,,,,,
JWN,2024-11-02,52.8,70.96,74.8,66.19
1701880Z.L,,,,,
4528.T,,,,,
PNW,2024-09-30,69.07,73.33,71.33,71.24
PRS.OL,,,,,
REC.AX,,,,,
RBC,2024-12-28,93.27,78.4,87.07,86.25
RAI,2017-06-30,59.38,61.68,62.85,61.3
RON.TO,,,,,
SNI,,,,,
SFR.L,,,,,
SGM.AX,,,,,
WPM.TO,,,,,
598.HK,,,,,
6976.T,,,,,
CWY.AX,,,,,
TA.TO,,,,,
4208.T,,,,,
UCB.BR,,,,,
6506.T,,,,,
TAVHL.IS,,,,,
TCELL.IS,,,,,
VAKBN.IS,,,,,
ALM.MC,,,,,
2327.TW,,,,,
CHW.L,,,,,
BRAM.L,,,,,
CMS.L,,,,,
DIA.MI,,,,,
2371.TW,,,,,
2884.TW,,,,,
LAM.L,,,,,
LRE.L,,,,,
TEC.PA,,,,,
KMD.NZ,,,,,
1489742D.HE,,,,,
BWY.L,,,,,
0878664D.TO,,,,,
4289765ZID,,,,,
0372515D.L,,,,,
LOG.MC,,,,,
7629107Z,,,,,
3644279Z,,,,,
ABFBCZ.KS,,,,,
1001Z.JO,,,,,
NOD.OL,,,,,
PIA.MI,,,,,
LHC.JO,,,,,
DIA.L,,,,,
VLX.L,,,,,
TRUE.BK,,,,,
CWI,,,,,
IDTI,2018-12-30,42.57,65.33,62.81,56.9
CIU.L,,,,,
4146973Z,,,,,
GNET,,,,,
0006311D,,,,,
3828.HK,,,,,
BRISA.IS,,,,,
ABOMSZ.SZ,,,,,
GLEN.L,,,,,
SPI.L,,,,,
3999Z.DE,,,,,
2304570Z.MI,,,,,
EW,2024-09-30,54.62,66.31,62.05,60.99
DIA.MC,,,,,
KENZ.L,,,,,
OMN.JO,,,,,
KEWSPO.KS,,,,,
PFDAVVND,,,,,
CEMARGOS,,,,,
EEB,,,,,
KPLD,,,,,
ADS,2021-12-31,59.78,68.22,54.54,60.85
LRCX,2024-12-29,51.43,56.86,59.47,55.92
MAC,2024-09-30,58.03,57.55,54.28,56.62
REGN,2024-12-31,50.43,48.1,55.56,51.36
0204569D,,,,,
6107023Z.IS,,,,,
3328393Z.IS,,,,,
INFI.L,,,,,
DLG.L,,,,,
DRTY.L,,,,,
SUL.AX,,,,,
CELSIA,,,,,
BRG.OL,,,,,
FLRY3.SA,,,,,
6283223Z.DE,,,,,
138080.KS,,,,,
0434710D,,,,,
DURDO.IS,,,,,
6962825Z.IS,,,,,
ENAEX.SN,,,,,
4182Z.DE,,,,,
CIMSA.IS,,,,,
PA/.L,,,,,
DOO.TO,,,,,
ARW.L,,,,,
5105.T,,,,,
0133253D,,,,,
EDI.PA,,,,,
6165663Z.SA,,,,,
WOR,2024-11-30,83.92,86.83,79.48,83.41
0301585D.ST,,,,,
AXTA,2024-12-31,58.65,57.59,60.18,58.81
9152411Z.IS,,,,,
NN.AS,,,,,
SCG.AX,,,,,
SAGA.L,,,,,
JE/.L,,,,,
JUST.L,,,,,
SOP.PA,,,,,
1113956D.MC,,,,,
8566.T,,,,,
ENTRA.OL,,,,,
7995.T,,,,,
ABOIVZ.SZ,,,,,
1986310Z.L,,,,,
6127615Z.MX,,,,,
BDCBEZ.SZ,,,,,
ARTECZ.T,,,,,
1067Z.AX,,,,,
LIBCBCZ.SZ,,,,,
0849302D.ST,,,,,
ARL.DE,,,,,
ADV.DE,,,,,
2311.TW,,,,,
ALFA.ST,,,,,
ARYN.SW,,,,,
BKIR.L,,,,,
BBL/F.BK,,,,,
9783.T,,,,,
BHFC.BO,,,,,
BLK,2024-06-30,65.68,61.22,69.43,65.44
BOY.L,,,,,
200725.SZ,,,,,
BTT.AX,,,,,
BG,2024-09-30,63.23,52.76,65.17,60.39
SCHW,2024-09-30,41.6,64.25,56.74,54.2
6412.TW,,,,,
CHD,2024-12-31,54.52,57.7,66.95,59.72
7762.T,,,,,
097950.KS,,,,,
CBG.L,,,,,
CVA,2021-09-30,57.57,64.77,65.08,62.47
CRG.BO,,,,,
7262.T,,,,,
XRAY,2024-09-30,51.85,53.92,66.61,57.46
DBG.PA,,,,,
LHA.DE,,,,,
DEZ.DE,,,,,
4631.T,,,,,
MDF.MC,,,,,
ELD.TO,,,,,
ERG.MI,,,,,
ESEL.BO,,,,,
9983.T,,,,,
6954.T,,,,,
FCC.MC,,,,,
2607.T,,,,,
BIMBOA.MX,,,,,
FUL,2024-11-30,60.41,66.94,65.66,64.34
6965.T,,,,,
7205.T,,,,,
6806.T,,,,,
HON,2024-12-31,55.02,53.47,67.63,58.71
IDL.PA,,,,,
IMCD.AS,,,,,
IHS,2024-09-30,66.04,64.68,65.75,65.49
1071,,,,,
JI.BO,,,,,
DEC.PA,,,,,
BAER.SW,,,,,
KLR.L,,,,,
KSB.DE,,,,,
4379521ZLN,,,,,
8252.T,,,,,
MAU.PA,,,,,
MET,2024-09-30,57.97,59.45,52.45,56.62
ML.PA,,,,,
MRU.TO,,,,,
MCO,2024-12-31,54.61,61.3,68.75,61.55
6594.T,,,,,
NKE,2024-11-30,63.3,71.07,70.58,68.32
2282.T,,,,,
1006Z.CO,,,,,
PTM.AX,,,,,
PG,2024-12-31,76.1,74.47,65.68,72.08
QCOM,2024-12-29,62.69,71.91,67.12,67.24
RABO.AS,,,,,
RBT.PA,,,,,
RTKM,,,,,
SHOT.ST,,,,,
SCHP.SW,,,,,
SSABA.ST,,,,,
SUBC.OL,,,,,
AAYPOZ.SZ,,,,,
6869.T,,,,,
8795.T,,,,,
9501.T,,,,,
TXN,2024-12-31,70.51,70.53,67.49,69.51
3116,,,,,
TLW.L,,,,,
6925.T,,,,,
VIAB,2019-06-30,76.32,67.53,63.93,69.26
WCC,2024-12-31,62.45,65.79,62.76,63.67
WEC,2024-09-30,61.11,75.03,76.34,70.83
000030.KS,,,,,
YAR.OL,,,,,
6841.T,,,,,
ZBH,2024-09-30,64.61,57.47,66.65,62.91
AWE.AX,,,,,
MRVE3.SA,,,,,
ISA,,,,,
MTU.PA,,,,,
CGR.PA,,,,,
DAN.MI,,,,,
SAVE.MI,,,,,
JLT.L,,,,,
086790.KS,,,,,
086280.KS,,,,,
GLO,,,,,
SDL.L,,,,,
HILS.L,,,,,
FMC,2024-09-30,53.59,73,65.73,64.1
BARN.SW,,,,,
0280719D.L,,,,,
0891909D.BR,,,,,
PF,,,,,
BRE.MI,,,,,
OSSR.CO,,,,,
ZV.MI,,,,,
CPI.JO,,,,,
IVL.BK,,,,,
TFG.JO,,,,,
MGROS.IS,,,,,
TMG.AS,,,,,
VRX,,,,,
4578.T,,,,,
KTCG,,,,,
PAL,2024-09-30,94.9,79.38,73.55,82.61
DL.AS,,,,,
0663761D.SA,,,,,
EQIX,2024-12-31,56.05,51.32,58.1,55.16
1604.TW,,,,,
PNL.AS,,,,,
DAE.SW,,,,,
115160.KS,,,,,
VMW,2023-08-04,46.68,55.31,58.62,53.54
005850.KS,,,,,
EBRO.MC,,,,,
7248.T,,,,,
9719.T,,,,,
7282.T,,,,,
CAVM,,,,,
7942.T,,,,,
GEF,2024-10-31,59,69.61,62.03,63.55
IM,,,,,
LII,2024-12-31,52.73,56.66,69.62,59.67
LBTYA,2024-09-30,64.23,62.41,69.88,65.51
LPT,2019-09-30,75.04,75.25,80.85,77.05
FAB,,,,,
3042.TW,,,,,
UNLSTD,,,,,
4958.TW,,,,,
6849.T,,,,,
4370569Z.MC,,,,,
AFOP,2015-12-31,62.1,63.15,63.78,63.01
MFG.AX,,,,,
FSF.NZ,,,,,
ATT.JO,,,,,
VVAR3.SA,,,,,
SCTY,2020-09-30,70.77,74.68,76.91,74.12
7280.T,,,,,
5703.T,,,,,
7291.T,,,,,
ATSN,,,,,
LIX,,,,,
ARRS,2018-12-31,64.35,63.71,66.19,64.75
6740.T,,,,,
6756.T,,,,,
BAS1V.HE,,,,,
INDV.L,,,,,
6383.T,,,,,
TPIS3.SA,,,,,
4100.T,,,,,
SUNEQ,,,,,
DC/.L,,,,,
4481227Z,,,,,
8238322Z,,,,,
HASI,2024-12-31,70.52,65.03,63.21,66.25
7781872Z.T,,,,,
1023Z.NZ,,,,,
AXTELCPO.MX,,,,,
3605926Z.BO,,,,,
COLOM,,,,,
BXLT,2016-03-31,81.03,69.69,68.69,73.14
S32.AX,,,,,
CLNX.MC,,,,,
1000Z.CO,,,,,
GOZ.AX,,,,,
HSS.L,,,,,
FINGB.ST,,,,,
1723080Z.L,,,,,
EPR.OL,,,,,
WPG.L,,,,,
EKT.MC,,,,,
VCX.AX,,,,,
1038Z.HE,,,,,
1488603D.HE,,,,,
GPSC.BK,,,,,
4155293Z,,,,,
1728160Z.L,,,,,
KLNMA.IS,,,,,
VESTA*.MX,,,,,
ABN.AS,,,,,
AGU.TO,,,,,
AGK.L,,,,,
7259.T,,,,,
9202.T,,,,,
ALPHA.AT,,,,,
ABC,2023-12-31,50.45,53.13,67.32,56.97
090430.KS,,,,,
A3M.MC,,,,,
ADM,2024-09-30,58.86,45.29,63.57,55.91
AIZ,2024-09-30,46.4,62.15,56.9,55.15
ATRLJB.ST,,,,,
NDA.DE,,,,,
EZE.MC,,,,,
GBF.DE,,,,,
5108.T,,,,,
CARL-B.CO,,,,,
CTLT,2024-09-30,65.83,73.35,67.72,68.97
2883.TW,,,,,
LISN.SW,,,,,
000002.SZ,,,,,
CIR.MI,,,,,
INGR,2024-09-30,58.31,65.86,74.17,66.11
COST,2024-11-24,58.86,63.26,67.97,63.36
DVA,2024-12-31,61.57,48.91,60.7,57.06
DEB.L,,,,,
DOV,2024-12-31,72.26,55.83,67.41,65.16
UFS,2021-09-30,60.38,58.04,67.7,62.04
DUK,2024-09-30,50.87,72.8,74.09,65.92
RF.PA,,,,,
FE,2024-09-30,50.35,55.12,70.75,58.74
6505.TW,,,,,
1326.TW,,,,,
2881.TW,,,,,
G1A.DE,,,,,
GGP,,,,,
HR-U.TO,,,,,
2433.T,,,,,
HUSQB.ST,,,,,
4168877Z.ST,,,,,
IMO.TO,,,,,
IPL.AX,,,,,
IH.BO,,,,,
IPN.PA,,,,,
JHX.AX,,,,,
2811.T,,,,,
9503.T,,,,,
INTU.L,,,,,
LOGN.SW,,,,,
LYB,2024-09-30,52.83,59.45,69.11,60.46
MFI.TO,,,,,
MA,2024-12-31,58.44,56.8,65.13,60.13
2454.TW,,,,,
MGGT.L,,,,,
MU,2024-11-28,55.96,61.34,64.22,60.51
MCM.MC,,,,,
8058.T,,,,,
4182.T,,,,,
7211.T,,,,,
5706.T,,,,,
MTX.DE,,,,,
MVV1.DE,,,,,
1303.TW,,,,,
2408.TW,,,,,
2871.T,,,,,
4021.T,,,,,
OSH.AX,,,,,
OKE,2024-09-30,56.42,73.85,76.32,68.86
PCAR,2024-09-30,66.97,59.24,61.64,62.62
PEY.TO,,,,,
VAC.PA,,,,,
PSM.DE,,,,,
QUAN.SW,,,,,
RATOB.ST,,,,,
RCO.PA,,,,,
RMV.L,,,,,
RWA.L,,,,,
SALM.OL,,,,,
016360.KS,,,,,
4536.T,,,,,
SBMO.AS,,,,,
SCR.PA,,,,,
4507.T,,,,,
SMIN.L,,,,,
SYK,2024-12-31,66.76,56.32,62.68,61.92
8316.T,,,,,
3045.TW,,,,,
5901.T,,,,,
TRV,2024-12-31,45.39,52.31,53.27,50.32
JCI,2024-12-31,80.31,80.88,71.8,77.66
TEL,2024-12-27,74.89,74.53,71.61,73.68
7272.T,,,,,
FROTO.IS,,,,,
TKFEN.IS,,,,,
ULKER.IS,,,,,
YKBNK.IS,,,,,
046890.KS,,,,,
AD.AS,,,,,
SULA11.SA,,,,,
3037.TW,,,,,
MERY.PA,,,,,
SM,2024-09-30,67.8,80.07,87.4,78.42
1434.TW,,,,,
2892.TW,,,,,
LUMI.TA,,,,,
RCDO.L,,,,,
BNS.MI,,,,,
VPK.AS,,,,,
6239.TW,,,,,
EDC,,,,,
ITMG.JK,,,,,
1102.TW,,,,,
DTC.JO,,,,,
011780.KS,,,,,
OKDBV.HE,,,,,
WST,2024-09-30,96.46,66.24,77.8,80.17
NOLAB.ST,,,,,
APPS.MC,,,,,
UNFI,2024-11-02,97.49,84.98,82.47,88.31
BAR.BR,,,,,
IBAB.BR,,,,,
OCDO.L,,,,,
SGP.L,,,,,
BEIAB.ST,,,,,
RUALR,,,,,
AFYON.IS,,,,,
ALBRK.IS,,,,,
CPX.TO,,,,,
VESBE.IS,,,,,
DGC.TO,,,,,
4555.T,,,,,
COL.MC,,,,,
BNR.DE,,,,,
142.HK,,,,,
SMPH,,,,,
CEY.L,,,,,
LIGHT.AS,,,,,
AGLTY,,,,,
CREE,2021-09-26,57.13,60.14,70.93,62.73
4190377Z.MI,,,,,
4764601ZPL,,,,,
1301.TW,,,,,
HNI,2024-09-28,54.37,64.77,67.67,62.27
1436Z.BO,,,,,
SFER.MI,,,,,
OPHR.L,,,,,
BILIA.ST,,,,,
ATEB.BR,,,,,
EMMN.SW,,,,,
AUTN.SW,,,,,
VITROA.MX,,,,,
1259263Z.L,,,,,
3102178Z.BR,,,,,
SWL.L,,,,,
6302495Z.DE,,,,,
549926Z.MC,,,,,
FNF,2024-09-30,44.22,64.48,55.16,54.62
FCE/A,,,,,
3751544Z.MC,,,,,
AIRSYZ.SZ,,,,,
MLNK,2024-09-30,70.95,63.23,65.52,66.57
973.HK,,,,,
8953.T,,,,,
6999.T,,,,,
3454.TW,,,,,
3311.HK,,,,,
TPS1V.HE,,,,,
CZLT33.SA,,,,,
VNA.DE,,,,,
ORA.AX,,,,,
VOYA,2024-09-30,50.31,67.56,58.92,58.93
FN,2024-12-27,63.36,86.48,76.77,75.54
ACBK,,,,,
KOSEPCO.KS,,,,,
DELTA.BK,,,,,
ONTEX.BR,,,,,
APGN.SW,,,,,
018260.KS,,,,,
KWE.L,,,,,
INWI.ST,,,,,
RECIB.ST,,,,,
002068.SZ,,,,,
AENA.MC,,,,,
FARM,2024-12-31,67.67,66.04,62.31,65.34
7883.T,,,,,
0488972D.IS,,,,,
WRK,2024-03-31,59.26,59.06,64.49,60.94
ENECO,,,,,
H.TO,,,,,
CPRE3.SA,,,,,
GVNV.AS,,,,,
KHC,2024-12-28,57.07,64.5,61.48,61.02
HPQ,2024-10-31,81.32,70.57,63.58,71.82
HPE,2024-10-31,77.3,69.91,65.96,71.06
CRC,2024-09-30,71.71,70.86,72.08,71.55
KEYS,2024-10-31,64.37,70.85,68.27,67.83
CSRA,,,,,
539437.BO,,,,,
017810.KS,,,,,
DOKA.SW,,,,,
INFO,2021-11-30,62.69,70.04,65.39,66.04
AGR,2024-09-30,74,59.07,63.19,65.42
TIET11.SA,,,,,
ARNC,2023-06-30,72.29,77.79,61.8,70.63
DVMT,,,,,
2678.T,,,,,
AKERBP.OL,,,,,
MONET.PR,,,,,
IG.MI,,,,,
MDM.PA,,,,,
WAVE.PA,,,,,
DBEL.BO,,,,,
CSP.L,,,,,
TOR.JO,,,,,
1292134D,,,,,
VSM,2019-03-31,55.45,61.23,62.83,59.84
62C.DE,,,,,
MAERSKB.CO,,,,,
ABDN.L,,,,,
ACA.L,,,,,
6282.TW,,,,,
6166.TW,,,,,
ADTN,2024-09-30,94.55,89.86,68.53,84.31
2395.TW,,,,,
AEM,2024-10-30,65.64,63.71,73.43,67.59
AMG,2024-12-31,40.85,54.43,55.46,50.25
AFRY.ST,,,,,
7660951Z,,,,,
AHSL.ST,,,,,
AIBG.L,,,,,
4206.T,,,,,
AKRBP.OL,,,,,
AKTIA.HE,,,,,
ALMA.HE,,,,,
GOOGL,2024-12-31,69.8,54.39,55.59,59.93
ALA.TO,,,,,
AMCR,2024-12-31,30.77,52.72,69.53,51.01
LAME4.SA,,,,,
AMP,2024-09-30,62.77,52.74,64.07,59.86
AMKR,2024-09-30,53.57,52.57,58.61,54.92
6091895Z.L,,,,,
ADI,2024-11-02,64.88,64.93,65.97,65.26
8219.T,,,,,
APO.AX,,,,,
APTV,2024-12-31,70.15,63.88,64.36,66.13
ARVND.BO,,,,,
ASH,2024-12-31,53.58,60.24,64.6,59.47
APUUY,,,,,
3017.TW,,,,,
ASRNL.AS,,,,,
AST.MI,,,,,
AT.MI,,,,,
AVYA,2022-12-31,69.83,75.45,65.95,70.41
PFAVH,,,,,
SPR,2024-09-26,67.05,63.64,71.59,67.43
AMER3.SA,,,,,
B3SA3.SA,,,,,
BKR,2024-12-31,68.16,64.27,61.72,64.72
BBDC4.SA,,,,,
BIRG.L,,,,,
BLLA.MI,,,,,
BTG.DE,,,,,
BHP.L,,,,,
BCT.BK,,,,,
3665.TW,,,,,
BOL.PA,,,,,
BONAVA.ST,,,,,
BRC,2024-10-31,83.82,73.9,75.6,77.77
BRKM5.SA,,,,,
CCR.L,,,,,
CBT,2024-12-31,89.25,67.76,72.4,76.47
CTC/A.TO,,,,,
CWG.L,,,,,
AFX.DE,,,,,
CBRE,2024-12-31,66.5,63.49,68.47,66.16
CBS,2020-03-31,55.46,73.63,67.3,65.46
CCL/B.TO,,,,,
ELET3.SA,,,,,
CRL,2024-09-28,67.14,70.77,70.7,69.54
6230.TW,,,,,
257.HK,,,,,
9502.T,,,,,
CPLE6.SA,,,,,
CFG,2024-12-31,44.58,59.78,52.97,52.44
1000L.L,,,,,
CLI.L,,,,,
CCEP,2023-12-31,71.03,66.96,73.37,70.46
COMI,,,,,
LCAM3.SA,,,,,
CMIG3,,,,,
CMP,2023-09-30,63.32,64.76,61.94,63.34
CEIX,2024-09-30,52.92,62.82,56.49,57.41
CEN.NZ,,,,,
CTEC.L,,,,,
CLB,2024-12-31,61.67,59.05,64.87,61.86
0129991D,,,,,
COV.PA,,,,,
CCK,2024-09-30,62.15,58.22,63.66,61.34
7905.T,,,,,
DHG.L,,,,,
DB1,,,,,
8374885Z.PA,,,,,
DIC.DE,,,,,
DLR,2024-09-30,48.91,55.57,52.81,52.43
DGH.JO,,,,,
DNA.HE,,,,,
D,2024-09-30,59.2,75.5,75.34,70.02
EDEN.PA,,,,,
FGR.PA,,,,,
GEB,2020-03-31,71.39,67.37,72.79,70.52
CMPC.SN,,,,,
1558953D.AS,,,,,
ELPL3.SA,,,,,
ENKAI.IS,,,,,
EQNR.OL,,,,,
1937310Z.L,,,,,
WTRG,2024-09-30,52.43,61.63,73.72,62.59
EL.PA,,,,,
ESSITYA.ST,,,,,
2618.TW,,,,,
EVK.DE,,,,,
FERG.L,,,,,
FCT.MI,,,,,
FCR-U.TO,,,,,
FSOL.BO,,,,,
FISV,2024-09-30,89.87,80.88,78.84,83.2
7241.T,,,,,
GALSURF.BO,,,,,
GALE.SW,,,,,
GTT.PA,,,,,
4906.TW,,,,,
FI-N.SW,,,,,
GEST.MC,,,,,
GSF.OL,,,,,
8218328Z.MC,,,,,
GES,2024-11-02,90.36,67.6,72.02,76.66
PEAK,2023-12-31,64.82,73.09,69.16,69.03
HTZGQ,2020-12-31,57.32,63.91,60.47,60.57
8586.T,,,,,
HOLN.SW,,,,,
BOSS.DE,,,,,
HUH1V.HE,,,,,
IDA,2024-09-30,67.04,51.43,65.7,61.39
ITW,2024-12-31,59.49,62.96,65.82,62.75
IAG,2024-06-30,57.23,67,59.89,61.37
IPG,2024-09-30,61.02,59.04,70.82,63.63
INVEB.ST,,,,,
3099.T,,,,,
ITUB4.SA,,,,,
IVN.TO,,,,,
79281Z,,,,,
GENEXZ.T,,,,,
JBLU,2024-12-31,57.37,60.06,63.63,60.35
JSW.BO,,,,,
JYSK.CO,,,,,
1942.T,,,,,
1837239D.IS,,,,,
KELYA,2024-12-29,61.22,59.5,62.88,61.2
636.HK,,,,,
KESKOB.HE,,,,,
KDP,2024-09-30,76.87,61.26,74.96,71.03
000270.KS,,,,,
KE,2024-12-31,55.19,77.92,58.02,63.71
KINDSDB.ST,,,,,
KGX.DE,,,,,
KLBN3.SA,,,,,
KCO.DE,,,,,
KHCO,,,,,
KCR.HE,,,,,
4922.T,,,,,
BBWI,2024-11-02,29.83,32.66,28.16,30.21
LHX,2025-01-03,49.94,65.43,65.89,60.42
LH,2024-12-31,48.6,52.69,59.89,53.73
LTI.BO,,,,,
LSCC,2024-12-28,59.03,62.79,61.31,61.04
LDOS,2025-01-03,56.52,60.14,69.54,62.07
3698.TW,,,,,
LNA.DE,,,,,
LIN,2024-09-30,50.98,55.59,72.44,59.67
7966.T,,,,,
FII.PA,,,,,
LSEG.L,,,,,
3533.TW,,,,,
LUMN,2024-09-30,25.04,30.49,25.54,27.03
LITE,2024-12-28,51.36,53.62,62.65,55.88
LUNE.ST,,,,,
LKAB.ST,,,,,
2893686Z.L,,,,,
MDC.L,,,,,
MEG.TO,,,,,
2270.T,,,,,
6508.T,,,,,
2269.T,,,,,
MCY.NZ,,,,,
MSSR.DE,,,,,
B4B.DE,,,,,
MTD,2024-12-31,66.95,44.91,55.1,55.66
MGM,2024-09-30,61.61,61.33,63.82,62.25
ACIEXZ.SZ,,,,,
6479.T,,,,,
5739485Z.T,,,,,
MOBN.SW,,,,,
MTM.JO,,,,,
MONET,,,,,
MOWI.OL,,,,,
8012.T,,,,,
NTGY.MC,,,,,
NWG.L,,,,,
NCCB.ST,,,,,
NPTN,2022-06-30,49.67,66.98,53.86,56.84
17.HK,,,,,
NWSA,2024-12-31,53.45,45.08,45.07,47.86
005940.KS,,,,,
1820.T,,,,,
5943.T,,,,,
3979452Z.CO,,,,,
1518971D,,,,,
NLOK,2024-12-27,61.94,67.94,61.97,63.95
OHLA.MC,,,,,
OXY,2024-09-30,64.57,81.31,60.63,68.83
0030080D,,,,,
6282.T,,,,,
96070Z.HE,,,,,
ORI.AX,,,,,
ORNBV.HE,,,,,
ORSTED.CO,,,,,
OSR.DE,,,,,
PKG,2024-09-30,66.38,68.9,62.45,65.91
PNDXB.ST,,,,,
PXT.TO,,,,,
PCTI,2023-09-30,72.49,67.68,63.03,67.73
PDL.AX,,,,,
PETR4.SA,,,,,
PIEL.BO,,,,,
PIRC.MI,,,,,
4927.T,,,,,
14202MF,,,,,
397.HK,,,,,
PPL,2024-12-31,53.21,61.1,69.05,61.12
PRY.MI,,,,,
FASW.JK,,,,,
PEG,2024-09-30,59.44,75.78,73.61,69.61
QBR/B,,,,,
44998Z,,,,,
RCH.L,,,,,
REE.MC,,,,,
RF,2024-09-30,46.4,63.68,55.01,55.03
1165Z.OL,,,,,
8308.T,,,,,
1515.TW,,,,,
GEPA3.SA,,,,,
SAF.PA,,,,,
SAP.TO,,,,,
SCHN,2023-11-30,55.53,64.53,58.6,59.55
SMTC,2024-10-27,63.69,69.33,64.06,65.69
VII.TO,,,,,
ADFWNZ.SZ,,,,,
SHP.JO,,,,,
7274.T,,,,,
SIS.MI,,,,,
SSW.JO,,,,,
SIKA.SW,,,,,
WAF.DE,,,,,
SLG,2024-09-30,56.37,53.92,51.78,54.03
2331.T,,,,,
2768.T,,,,,
SXS.L,,,,,
STEM.L,,,,,
STM.PA,,,,,
STOCKA.HE,,,,,
7737488Z,,,,,
5232.T,,,,,
SDRY.L,,,,,
TMUS,2024-12-31,52.61,52.14,62.42,55.72
1969.T,,,,,
TTK.DE,,,,,
TKTT.PA,,,,,
TATACONS.BO,,,,,
1556417D.T,,,,,
TECN.SW,,,,,
TECK/B.TO,,,,,
1323466Z.L,,,,,
TEVA.TA,,,,,
TXT,2024-12-28,61.54,54.4,66.09,60.68
LEGO.CO,,,,,
NVG.LS,,,,,
3950.T,,,,,
SO,2024-09-30,62.44,75.08,72.24,69.92
TIETO.HE,,,,,
9506.T,,,,,
6995.T,,,,,
4042.T,,,,,
TTE.PA,,,,,
585233Z.AS,,,,,
TT,2024-12-31,68.61,72.11,66.33,69.01
1007Z.JO,,,,,
TNL,2024-09-30,16.63,25.27,24.37,22.09
TRMB,2024-09-27,53.14,61.58,62.06,58.93
TSE,2024-09-30,54.43,65.01,63.27,60.9
9830.T,,,,,
TUI1.DE,,,,,
TSN,2024-12-28,51.18,54.32,67.36,57.62
UBSG.SW,,,,,
URW.AS,,,,,
UN01.DE,,,,,
486.HK,,,,,
UPM.HE,,,,,
5347.TW,,,,,
VREX,2025-01-03,55.31,57.78,59.45,57.51
VVC,,,,,
VRSK,2024-09-30,44.13,50.82,61.86,52.27
VIIA3.SA,,,,,
VOE,,,,,
VOW.DE,,,,,
VMC,2024-09-30,47.95,57.37,64.99,56.77
WFRD,2024-12-31,65.5,60.55,61.63,62.56
WBD.MI,,,,,
WELL,2024-12-31,55.89,51.29,61.06,56.08
ZAL.DE,,,,,
4205.T,,,,,
ABG.JO,,,,,
4401.T,,,,,
300886.SZ,,,,,
5852.T,,,,,
AIXA.DE,,,,,
AKSO.OL,,,,,
ACI,2024-11-30,57.4,65.83,55.63,59.62
ALD.PA,,,,,
ALRS,2024-09-30,74.02,74.87,76.09,74.99
2384Z.L,,,,,
3951.T,,,,,
1852.T,,,,,
ASY.PA,,,,,
AY,2024-09-30,82.07,62.53,68.32,70.97
ATO,2024-12-31,50.75,63.04,70.32,61.37
AVNT,2024-09-30,94.08,98.75,86.76,93.2
CAR,2024-12-31,64.41,56.47,63.23,61.37
BPCL.BO,,,,,
BIM.PA,,,,,
688363.SZ,,,,,
BPE.MI,,,,,
CPI.L,,,,,
CGCBV.HE,,,,,
CAS.TO,,,,,
CAV1V.HE,,,,,
CERV.MI,,,,,
CEZ,,,,,
CC,2024-09-30,58.6,57.47,60.07,58.71
1904.TW,,,,,
1314.TW,,,,,
CD,2023-06-30,79.61,82.91,75.83,79.45
CRBN.AS,,,,,
CSAN3.SA,,,,,
CPALL.BK,,,,,
9933.TW,,,,,
COH.JO,,,,,
DAN,2024-09-30,65.8,63.4,60.86,63.35
DANGCEM,,,,,
4635641Z.PA,,,,,
DVT.PA,,,,,
DFDS.CO,,,,,
4461.T,,,,,
DKSH.SW,,,,,
DRW3.DE,,,,,
DSV.CO,,,,,
6957697Z.L,,,,,
1476.TW,,,,,
ELI.BR,,,,,
EMP/A.TO,,,,,
ETSY,2024-09-30,62.41,63.17,59.54,61.71
8028.T,,,,,
EO.PA,,,,,
FUNO11.MX,,,,,
FGEN,,,,,
FSKRS.HE,,,,,
FOSL,,,,,
FEC.TO,,,,,
600660.SZ,,,,,
8424.T,,,,,
G,,,,,
1663400Z.L,,,,,
GIL.TO,,,,,
GILD,,,,,
GOGL,,,,,
GPK,,,,,
ENO.MC,,,,,
GBT.PA,,,,,
1580196D,,,,,
4544.T,,,,,
8242.T,,,,,
101.HK,,,,,
HMS.ST,,,,,
1000505D,,,,,
004800.KS,,,,,
ICFI,2024-09-30,78.75,96.7,73.31,82.92
IPX.L,,,,,
INCH.L,,,,,
IOSP,2024-09-30,67.35,73.63,62.95,67.98
049070.KS,,,,,
RANI3.SA,,,,,
2593.T,,,,,
3086.T,,,,,
JHG,2024-09-30,55.16,73.53,72.31,67
9201.T,,,,,
7182.T,,,,,
6178.T,,,,,
0390842D.L,,,,,
9858514Z.BO,,,,,
6632.T,,,,,
KSU,2020-12-31,50.28,60.42,62.16,57.62
KMGZ,,,,,
683.HK,,,,,
2809.T,,,,,
KRC,2024-12-31,60.64,62.42,65.77,62.94
6600.T,,,,,
KLOVB.ST,,,,,
140362Z.ST,,,,,
KOP,2024-09-30,56.18,68.54,74.35,66.36
KOS,2024-09-30,74.19,74.28,66.93,71.8
1861.T,,,,,
6971.T,,,,,
7914.T,,,,,
226562Z.PA,,,,,
LFUS,2024-09-28,54.34,63.13,64.64,60.7
M,2024-11-02,57.57,71.17,63.62,64.12
EMG.L,,,,,
224475Z.PA,,,,,
MRCO.BO,,,,,
MKC,2024-11-30,63.81,56.19,69.47,63.16
MLCO,2024-09-30,47.03,59.17,66.81,57.67
425.HK,,,,,
4508.T,,,,,
5192.T,,,,,
2201.T,,,,,
MSCI,2024-12-31,56.03,61.79,71.85,63.22
LABL,2019-03-31,56.98,68.32,65.89,63.73
7988.T,,,,,
NLFSK.CO,,,,,
2002.T,,,,,
2897.T,,,,,
TYRES.HE,,,,,
NOEJ.DE,,,,,
NRS.OL,,,,,
NTR.TO,,,,,
3861.T,,,,,
ORP.PA,,,,,
PTR.MI,,,,,
PYPL,2024-12-31,52.52,55.22,59.81,55.85
PHOR,,,,,
PSK.TO,,,,,
PVH,2024-11-03,56.33,72.11,65.95,64.8
QDT.PA,,,,,
4755.T,,,,,
RAND.AS,,,,,
1062602Z.L,,,,,
3656749Z.BO,,,,,
2243113Z,,,,,
RHIM.L,,,,,
RBOS.DE,,,,,
RHI,2024-12-31,49.68,55.23,58.18,54.36
ROTH.PA,,,,,
SAHOL.IS,,,,,
SABIC,,,,,
SCYR.MC,,,,,
SATERZ.SZ,,,,,
SCATC.OL,,,,,
SHA.DE,,,,,
SDRLF,,,,,
NOW,2024-12-31,50.29,50.21,61.55,54.02
SHOP.TO,,,,,
4004.T,,,,,
SIG.L,,,,,
8040Z,,,,,
SRBNK.OL,,,,,
SKI.AX,,,,,
SPT.L,,,,,
4203.T,,,,,
SUN,2024-12-31,55.33,61.71,63.51,60.18
2387.TW,,,,,
SGY.TO,,,,,
7269.T,,,,,
SML.NZ,,,,,
SNPS,2024-10-31,46.73,53.25,65.38,55.12
ISCTR.IS,,,,,
8233.T,,,,,
TLX.DE,,,,,
7740.T,,,,,
1198568D,,,,,
TEKNF.TO,,,,,
9504.T,,,,,
0214516D,,,,,
0610241D,,,,,
TMO,2024-09-28,58.85,73.05,60.26,64.05
THULE.ST,,,,,
TIF,2020-10-31,68.2,68.58,64.49,67.09
TTAN.BO,,,,,
TOKMAN.HE,,,,,
8439.T,,,,,
5423.T,,,,,
8804.T,,,,,
1720.T,,,,,
TSS,2019-06-30,62.2,69.05,67.41,66.22
THL.NZ,,,,,
6371.T,,,,,
5949.T,,,,,
7254.T,,,,,
USFD,2024-12-28,59.32,64.06,66.98,63.45
1229430D,,,,,
VMUK.L,,,,,
VTY.L,,,,,
VTR.PA,,,,,
VEBM11.SA,,,,,
3105.TW,,,,,
WLN.PA,,,,,
2359.SZ,,,,,
3136319Z,,,,,
7294.T,,,,,
4689.T,,,,,
ADANIGR.BO,,,,,
ADSEZ.BO,,,,,
ADANI.BO,,,,,
ADANIT.BO,,,,,
ADDTB.ST,,,,,
AAP,2024-10-05,43.7,51.42,63.43,52.85
8905.T,,,,,
AKS,2019-12-31,62.97,69.16,70.2,67.44
AQN.TO,,,,,
LNT,2024-09-30,58.83,72.42,76.28,69.18
AIG,2024-12-31,41.79,56.24,52.64,50.22
AMGO.L,,,,,
APH,2024-12-31,49.68,53.18,61.24,54.7
AEFES.IS,,,,,
APAM.AS,,,,,
AAOI,2024-09-30,67,75.16,73.26,71.81
ARMK,2024-12-27,40.12,54.28,62.06,52.15
AC*.MX,,,,,
ATZ.TO,,,,,
0257540Z,,,,,
3333.T,,,,,
ASML.AS,,,,,
AUB.PA,,,,,
211642Z.PA,,,,,
AUSS.OL,,,,,
1017411D.DE,,,,,
AUTO.L,,,,,
AYDEM.IS,,,,,
BIDU,2024-09-30,58.22,64.67,71.48,64.79
19963Z,,,,,
BLDP.TO,,,,,
BAMI.MI,,,,,
BIDI4.SA,,,,,
BYW6.DE,,,,,
2588.HK,,,,,
BXP,2024-09-30,70.27,55.04,64.59,63.3
BSX,2024-09-30,76.08,60.95,57.6,64.88
BC.MI,,,,,
CDNS,2024-09-30,49.76,52.58,65.2,55.85
CAE.TO,,,,,
2229.T,,,,,
CRL.MI,,,,,
GIB/A.TO,,,,,
1378.HK,,,,,
1088.HK,,,,,
CITIC.SZ,,,,,
CTXS,2022-03-31,71.03,72.22,71.32,71.52
CLH,2024-09-30,48.64,67.96,67.27,61.29
KOFUBL.MX,,,,,
COMM,2024-09-30,57.21,59.55,69.44,62.07
CNDT,2024-09-30,80.97,72.99,66.89,73.62
3981012Z.CO,,,,,
8111838Z.L,,,,,
GLW,2024-12-31,58.56,62.49,61.62,60.89
192820.KS,,,,,
COTY,2024-12-31,52.47,51.09,58.97,54.17
CRA1V.HE,,,,,
CE.MI,,,,,
0047417D,,,,,
4751.T,,,,,
5875038Z.T,,,,,
DALBHARA.BO,,,,,
DAR,2024-09-30,79.9,73.97,59.1,70.99
1012Z.AS,,,,,
DPH.L,,,,,
002384.SZ,,,,,
DUST.ST,,,,,
DWS.DE,,,,,
6251.TW,,,,,
5054325Z,,,,,
9020.T,,,,,
4289765Z.L,,,,,
0059748D,,,,,
1082Z.MC,,,,,
ESLT.TA,,,,,
ELK.OL,,,,,
ELTEL.ST,,,,,
EDV.L,,,,,
ENOG.L,,,,,
ENJSA.IS,,,,,
EPIA.ST,,,,,
ERA.PA,,,,,
6859.T,,,,,
EURN.BR,,,,,
EUCAR.PA,,,,,
EXLS,2024-09-30,67.35,71.68,66.82,68.62
4921.T,,,,,
4904.TW,,,,,
FRT,2024-12-31,54.14,51.45,56.64,54.08
RACE,2024-06-30,63.33,62.39,66.23,63.98
FFA.JO,,,,,
FNV.TO,,,,,
FDP,2024-09-27,66.06,74.8,62.16,67.67
7260.T,,,,,
8354.T,,,,,
5970.T,,,,,
0518736D,,,,,
1305190D.L,,,,,
0979529D.IS,,,,,
SIBN,2024-09-30,50.34,66.41,55.16,57.3
GEI.TO,,,,,
GGS.DE,,,,,
GLB.L,,,,,
787.HK,,,,,
1783974D.T,,,,,
3443.TW,,,,,
GPL.BO,,,,,
GMT.NZ,,,,,
3692594Z.PA,,,,,
BBTG11.SA,,,,,
1448Z.MI,,,,,
5989.T,,,,,
2HRA.DE,,,,,
HSIC,2024-09-28,56.32,62.12,59.59,59.34
RMS.PA,,,,,
HPOLB.ST,,,,,
9086.T,,,,,
HWM,2024-12-31,59.89,64.34,66.98,63.74
298050.KS,,,,,
011210.KS,,,,,
2337.T,,,,,
OCS.PA,,,,,
IGG.L,,,,,
9119.T,,,,,
INF.L,,,,,
IENOVA*.MX,,,,,
NSIT,2024-12-31,58.13,61.69,57.23,59.02
IPL.TO,,,,,
MYPK3.SA,,,,,
ITV.L,,,,,
J,2024-12-27,62.2,57.75,68.86,62.94
7181.T,,,,,
8952.T,,,,,
JD,2024-09-30,52.8,53.43,61.86,56.03
JSLG3.SA,,,,,
4047.T,,,,,
KIMBERA.MX,,,,,
9375.T,,,,,
KBX.DE,,,,,
4967.T,,,,,
120110.KS,,,,,
1062Z.OL,,,,,
KOA.OL,,,,,
0495037D.T,,,,,
9142.T,,,,,
LNZ,,,,,
1346.HK,,,,,
LIO.L,,,,,
LPP,,,,,
LYFT,2024-12-31,60.65,58.87,58.89,59.47
MNG.L,,,,,
2337.TW,,,,,
MG.TO,,,,,
MT.MI,,,,,
MAVI.IS,,,,,
MPL.AX,,,,,
MDP,2020-12-31,67.58,65.46,69.74,67.59
MRN.PA,,,,,
MTA.JO,,,,,
MSTR,2024-09-30,50.23,67.79,59.79,59.27
0869232D,,,,,
0090246D,,,,,
MAB.L,,,,,
8802.T,,,,,
MTSS,,,,,
MHK,2024-09-28,61.55,58.17,68.55,62.76
975.HK,,,,,
2264.T,,,,,
MTH.JO,,,,,
MOVI3.SA,,,,,
MTC.BK,,,,,
MTRS.ST,,,,,
8046.TW,,,,,
002350.KS,,,,,
NHF.AX,,,,,
8174.T,,,,,
4091.T,,,,,
5202.T,,,,,
OSB.TO,,,,,
NPI.TO,,,,,
NCLH,2024-09-30,53,56.89,60.93,56.94
NOS.LS,,,,,
NTPC.BO,,,,,
NVA.TO,,,,,
6703.T,,,,,
OMU.JO,,,,,
OTEX.TO,,,,,
4661.T,,,,,
1145Z.CO,,,,,
3452375Z.IS,,,,,
7250.T,,,,,
007980.KS,,,,,
7532.T,,,,,
PNDORA.CO,,,,,
BRDT3.SA,,,,,
2457.TW,,,,,
8299.TW,,,,,
2318.HK,,,,,
PNI.AX,,,,,
5988.T,,,,,
GAZP,,,,,
LKOH,,,,,
POLY.L,,,,,
POS,,,,,
PST.MI,,,,,
PCT.NZ,,,,,
PMI.L,,,,,
2817810Z.MC,,,,,
1308Z.BR,,,,,
3219.TW,,,,,
QLT.L,,,,,
RADL3.SA,,,,,
RL,2024-12-28,43.16,61.97,62.4,55.84
RTX,2024-12-31,23.09,27.88,23.82,24.93
REA.AX,,,,,
RAD,2023-09-02,52.96,53.03,56.76,54.25
ROST,2024-11-02,64.52,60.85,65.01,63.46
RBREW.CO,,,,,
RWS.L,,,,,
SAN.NZ,,,,,
5929.T,,,,,
SBANK.OL,,,,,
SEK.AX,,,,,
9069.T,,,,,
SENS.SW,,,,,
9143.T,,,,,
6213675Z.TA,,,,,
7701.T,,,,,
SCC.BK,,,,,
SW.TO,,,,,
SIFG.AS,,,,,
6415.TW,,,,,
SIM.CO,,,,,
9940.TW,,,,,
096770.KS,,,,,
SKFB.ST,,,,,
SMS.L,,,,,
SMCP.PA,,,,,
4688325Z.PA,,,,,
9434,,,,,
9984.T,,,,,
SO.MI,,,,,
SPOL.OL,,,,,
3436.T,,,,,
1821.T,,,,,
SXC,2024-09-30,67.76,65.86,72.66,68.76
SMCI,2024-03-31,90.63,93.6,60,81.41
SUZB3.SA,,,,,
SIVB,2022-12-31,55.18,66.42,60.27,60.62
SYNT.L,,,,,
2887.TW,,,,,
TBCG.L,,,,,
1504.TW,,,,,
TEL2B.ST,,,,,
VIVT3.SA,,,,,
CTF.MC,,,,,
TTALO.HE,,,,,
TGS.OL,,,,,
3757240Z,,,,,
2602.T,,,,,
REAL,2024-09-30,61.11,60.19,57.7,59.67
1211640D.DE,,,,,
5301.T,,,,,
4043.T,,,,,
TOPG.KL,,,,,
7732.T,,,,,
TCL.AX,,,,,
TTG.L,,,,,
UNIP3.SA,,,,,
UQA,,,,,
UNVR,2023-06-30,62.74,60.11,68.29,63.71
UVV,2024-06-30,67.44,66.33,66.6,66.79
601231.SZ,,,,,
VRTX,2024-12-31,51.87,46.06,54.45,50.79
MYL,2020-09-30,74.18,67.66,69.64,70.49
1401646D.ST,,,,,
WAB,2024-12-31,46.23,49.79,65.08,53.7
WSA.AX,,,,,
WIHL.ST,,,,,
WSM,2024-10-27,78.83,70.75,70.76,73.45
WINMQ,2012-09-30,67.7,69.55,68.07,68.44
6669.TW,,,,,
000858.SZ,,,,,
WH,2024-12-31,65.49,64.17,62.69,64.12
002925.SZ,,,,,
2267.T,,,,,
YIT.HE,,,,,
2885.TW,,,,,
1628.HK,,,,,
1U1.DE,,,,,
002555.SZ,,,,,
1530.HK,,,,,
BAG.L,,,,,
ATM.NZ,,,,,
ARTO.BO,,,,,
IGN1L,,,,,
2353.TW,,,,,
AED.BR,,,,,
AERI3.SA,,,,,
AFLT,,,,,
AFG.OL,,,,,
AFKS,,,,,
AGS.BR,,,,,
AEM.TO,,,,,
AKAST.OL,,,,,
AGI.TO,,,,,
ABIO.PA,,,,,
0133939D.TO,,,,,
ALFA.L,,,,,
ALFEN.AS,,,,,
ALSC3.SA,,,,,
ALLE,2024-09-30,46.33,57.14,65.45,56.31
ALLY,2024-09-30,44.17,61.01,50.62,51.93
ALTR.LS,,,,,
AMBP3.SA,,,,,
AEO,2024-11-02,47.73,69.79,67.75,61.76
0127101D,,,,,
AMT,2024-09-30,69.47,55.26,56.92,60.55
AMRS,2023-03-31,75.22,72.89,71.78,73.3
ANIM3.SA,,,,,
APTY.BO,,,,,
AFK.OL,,,,,
ARG.NZ,,,,,
ARV.NZ,,,,,
ASCL.L,,,,,
AGR.L,,,,,
ALV,2024-09-30,67.13,64.28,59.93,63.78
AVT,2024-12-28,39.12,54.6,62.77,52.16
AC,2024-09-30,84.54,64.47,67.69,72.23
AZUL4.SA,,,,,
AZRE,2023-02-10,50,50,50,50
BAKKA.OL,,,,,
BMED.MI,,,,,
BPSO.MI,,,,,
ABCB4.SA,,,,,
PCD,,,,,
SANB11.SA,,,,,
BBTN.JK,,,,,
BEKB.BR,,,,,
BHG.ST,,,,,
BIFF.L,,,,,
BIOS.BO,,,,,
BMY.L,,,,,
BMC,,,,,
BEI-UN.TO,,,,,
BOOZT.ST,,,,,
0597244D.SW,,,,,
BRW.L,,,,,
1876.HK,,,,,
BWO.OL,,,,,
CEAB3.SA,,,,,
CHRW,2024-12-31,46.47,55.39,71.96,57.94
CRN.L,,,,,
CEFN3.SA,,,,,
0489964D.HK,,,,,
CNE.TO,,,,,
3471586Z,,,,,
CARM.PA,,,,,
CRFSA.IS,,,,,
CWST,2024-09-30,63.06,56.67,62.04,60.59
2882.TW,,,,,
CASS.MI,,,,,
CEM.MI,,,,,
CGG.PA,,,,,
5871.TW,,,,,
1044Z.BK,,,,,
CHTR,2024-12-31,54.91,53.16,66.53,58.2
2385.TW,,,,,
1763.TW,,,,,
CRUS,2024-12-28,54.43,59.03,66.8,60.09
1741206D.HK,,,,,
CLVT,2024-03-31,66.17,70.43,78.23,71.61
CLAB.ST,,,,,
COLM,2024-09-30,74.64,94.08,79.25,82.66
7945.T,,,,,
CBAV3.SA,,,,,
CPU.AX,,,,,
7186.T,,,,,
GLO.L,,,,,
CTB,2021-03-31,59.92,53.66,61.13,58.24
COOR.ST,,,,,
CORFICOL,,,,,
CTD.AX,,,,,
CTVA,2024-12-31,54.81,62.68,62.54,60.01
1COV.DE,,,,,
CMIN3.SA,,,,,
2891.TW,,,,,
9793.T,,,,,
8985.T,,,,,
0118333D,,,,,
DBS,2022-06-30,47.6,64.52,68.32,60.15
DECB.BR,,,,,
DHER.DE,,,,,
DWNI.DE,,,,,
DBGI,2024-09-30,59.05,57.09,57.75,57.96
375500.KS,,,,,
GIL.DE,,,,,
6141.T,,,,,
DHG.AX,,,,,
DOM.ST,,,,,
4665.T,,,,,
DWF.L,,,,,
DXC,2024-12-31,49.84,56.75,65.12,57.24
DZBK.DE,,,,,
6486.T,,,,,
EZJ.L,,,,,
ECOPETL,,,,,
EPC,2024-12-31,46.02,67.3,65.71,59.68
3452259Z.IS,,,,,
EPROB.ST,,,,,
ELIOR.PA,,,,,
ELIS.PA,,,,,
SWDY,,,,,
EMR,2024-12-31,59.06,65.05,64.46,62.85
ENTEL.SN,,,,,
ENELAM.SN,,,,,
ENELCHIL.SN,,,,,
ENEV3.SA,,,,,
ENG.MI,,,,,
EPAM,,,,,
EQT,,,,,
EQN.L,,,,,
ETRN,,,,,
330.HK,,,,,
513867Z.MI,,,,,
5351.TW,,,,,
855485Z.L,,,,,
ENX.PA,,,,,
EXPE,,,,,
FOIB.ST,,,,,
FBK.MI,,,,,
FLOW.AS,,,,,
FDR.MC,,,,,
FI.BO,,,,,
FNTN.DE,,,,,
7864.T,,,,,
7917.T,,,,,
AUTO,,,,,
GENL.L,,,,,
GD,,,,,
GENS,,,,,
GNS.L,,,,,
GLV.L,,,,,
GGC.BK,,,,,
6488.TW,,,,,
GOAGRO.BO,,,,,
2368.TW,,,,,
GFTU.L,,,,,
GRND3.SA,,,,,
1557989D.MC,,,,,
1436402D.PA,,,,,
GBLB.BR,,,,,
AEROMEX*.MX,,,,,
GCC*.MX,,,,,
3645431Z.MC,,,,,
GUAR3.SA,,,,,
4427177Z.MI,,,,,
HLDX.ST,,,,,
000880.KS,,,,,
009830.KS,,,,,
HLAG.DE,,,,,
HL/.L,,,,,
HEAD.L,,,,,
1546973D.ST,,,,,
HBRN.L,,,,,
HRC,2021-09-30,63.32,69.86,65.28,66.15
2049.TW,,,,,
HOC.L,,,,,
METIN,,,,,
HMPRO.BK,,,,,
HSV.L,,,,,
2317.TW,,,,,
HWN.L,,,,,
HPP,2024-09-30,50.09,57.69,62.83,56.87
298000.KS,,,,,
298040.KS,,,,,
298020.KS,,,,,
HYPE3.SA,,,,,
267270.KS,,,,,
ILTY.MI,,,,,
ILMN,2024-12-29,52.65,69.95,61.5,61.37
2336597Z,,,,,
PE&OLES.MX,2020-09-30,72.33,73.16,73.44,72.98
INFN,2024-09-28,56.63,53.65,54.59,54.96
INTUCH.BK,,,,,
INTRUM.ST,,,,,
IPF.JO,,,,,
INW.MI,,,,,
IOI.KL,,,,,
6908.T,,,,,
4515055Z.MC,,,,,
8133.T,,,,,
ITRI,2024-09-30,76.45,65.83,65.32,69.2
8697.T,,,,,
1662.T,,,,,
8955.T,,,,,
JBMA.BO,,,,,
JDEP.AS,,,,,
1963.T,,,,,
JKCE.BO,,,,,
JKI.BO,,,,,
JUFO,,,,,
TKWY.AS,,,,,
KNOS.L,,,,,
KARSN.IS,,,,,
KBR,2024-09-27,57.48,73.82,79.07,70.12
KMR.L,,,,,
KGH,,,,,
KMP-U.TO,,,,,
600143.SZ,,,,,
KINVB.ST,,,,,
002240.KS,,,,,
KLAC,2024-12-31,57.25,50.57,66.23,58.02
KCC.OL,,,,,
KOSPO.KS,,,,,
KOWEPO.KS,,,,,
003490.KS,,,,,
KORI.PA,,,,,
1301.T,,,,,
9508.T,,,,,
LTFH.BO,,,,,
411.HK,,,,,
LW,2024-11-24,62.32,59.77,58.78,60.29
111204Z.ST,,,,,
1170Z.AS,,,,,
LSS.PA,,,,,
1873735D.KS,,,,,
RENT3.SA,,,,,
"229,640.KS",,,,,
LUCE.L,,,,,
LYC.AX,,,,,
1883.T,,,,,
MGLU3.SA,,,,,
204320.KS,,,,,
MER,,,,,
MPC,2024-09-30,64.38,66.71,72.66,67.92
5463.T,,,,,
MMK,,,,,
4385.T,,,,,
0532104D.L,,,,,
2439.TW,,,,,
MOCORP.HE,,,,,
MSONA.ST,,,,,
BEEF3.SA,,,,,
8593.T,,,,,
3864.T,,,,,
8801.T,,,,,
GMKN,,,,,
ZAIN,,,,,
NPN.JO,,,,,
0916972D.L,,,,,
NTCO3.SA,,,,,
NELES.HE,,,,,
7319066Z,,,,,
NEOE3.SA,,,,,
NRP.JO,,,,,
1238748D,,,,,
NRO.PA,,,,,
7613323Z,,,,,
NRR.L,,,,,
NEXI.MI,,,,,
NEE,2024-12-31,56.5,68.82,66.07,63.8
5991.T,,,,,
8951.T,,,,,
GNDI3.SA,,,,,
NLMK,,,,,
OI,2024-12-31,66.93,67.88,62.97,65.93
OCA.NZ,,,,,
OCI.AS,,,,,
OGE,2024-09-30,51.76,67.63,71.88,63.76
7994.T,,,,,
OKTA,2024-10-31,82.88,67.68,75.08,75.21
OLVAS.HE,,,,,
ON,2024-12-31,66.68,59.78,74.4,66.95
1464127D.PA,,,,,
ORBIA*.MX,,,,,
TERPEL,,,,,
8954.T,,,,,
"PTV,",,,,,
PANW,2025-01-31,55.15,55.63,68.84,59.87
2481.TW,,,,,
PRXL,2016-12-31,54.43,72.04,71.84,66.1
PAYX,2024-11-30,51.27,56.85,67.54,58.55
PGSUS.IS,,,,,
PEGA,2024-12-31,66.41,68.44,66.22,67.02
PPL.TO,,,,,
PSYS.BO,,,,,
POG.L,,,,,
PETS.L,,,,,
PHNX.L,,,,,
TATN,,,,,
PKO,,,,,
POM.PA,,,,,
1913.HK,,,,,
PROMIG,,,,,
PFI.NZ,,,,,
PRX.AS,,,,,
PZU,,,,,
QNBFB.IS,,,,,
QRVO,2024-12-28,62.33,54.05,63.38,59.92
QUESS.BO,,,,,
RMBS,2024-09-30,45.15,55,55.58,51.91
RATCH.BK,,,,,
RAV.L,,,,,
REC.BR,,,,,
RA.MX,,,,,
6723.T,,,,,
QSR.TO,,,,,
RBG.L,,,,,
6462.T,,,,,
1363Z.AS,,,,,
RUI.PA,,,,,
RUMO3.SA,,,,,
RYA.L,,,,,
RYM.NZ,,,,,
064960.KS,,,,,
SZG.DE,,,,,
SBBB.ST,,,,,
207940.KS,,,,,
029780.KS,,,,,
SSL.TO,,,,,
SAA1V.HE,,,,,
SMTO3.SA,,,,,
SRS.MI,,,,,
4887.T,,,,,
SCST.ST,,,,,
6460.T,,,,,
9024.T,,,,,
SES.MI,,,,,
CHMF,,,,,
SJR/B.TO,,,,,
SCL.TO,,,,,
SHLF.OL,,,,,
ENR.DE,,,,,
SDPR.KL,,,,,
SIMH3.SA,,,,,
285130.KS,,,,,
018670.KS,,,,,
036490.KS,,,,,
SILTZ.KS,,,,,
011790.KS,,,,,
SKISB.ST,,,,,
0341337D.HK,,,,,
SNAP,2024-12-31,58.41,63.25,61.92,61.19
SCT.L,,,,,
SOI.PA,,,,,
SSOF.BO,,,,,
SVEG.OL,,,,,
SPB,2024-12-29,45.91,51.42,55.19,50.84
TOY.TO,,,,,
SPLK,2023-10-31,42.46,47.82,61.79,50.69
SQ,2024-09-30,43.03,43.33,67.84,51.4
SBM.AX,,,,,
753305Z.OL,,,,,
SRCL,2024-09-30,43.13,49.52,59.83,50.83
SBS.DE,,,,,
4764601Z.LS,,,,,
SUI,2024-09-30,65.05,67.01,63.17,65.08
SUNTZ.T,,,,,
SWECB.ST,,,,,
SOBI.ST,,,,,
5233.T,,,,,
TDC,2024-09-30,79.39,72.2,66.35,72.65
TMV.DE,,,,,
TGMA3.SA,,,,,
TEN,2022-09-30,68.69,70.27,73.7,70.89
TESB.BR,,,,,
8331.T,,,,,
000050.SZ,,,,,
3626.T,,,,,
TITK.AT,,,,,
9005.T,,,,,
2875.T,,,,,
8015.T,,,,,
3673.TW,,,,,
903.HK,,,,,
TSCO,2024-09-28,53.02,62.24,66.33,60.53
TRU,2024-12-31,62.44,68.17,64.23,64.95
1733296D.AS,,,,,
TFC,2024-09-30,23.36,30.59,27.37,27.11
TUB.MC,,,,,
2006.TW,,,,,
THYAO.IS,,,,,
UDG.L,,,,,
6728.T,,,,,
UMI.BR,,,,,
URI,2024-12-31,54.25,54.83,72.77,60.61
UTL,2024-12-31,70.26,62.41,65.08,65.92
UPONOR.HE,,,,,
UPWK,2024-12-31,62.1,68.44,63.69,64.74
271652Z.L,,,,,
USIM3.SA,,,,,
VKI.BO,,,,,
VAMO3.SA,,,,,
1211878D.AS,,,,,
VEC.L,,,,,
VRLA.PA,,,,,
VCT.PA,,,,,
VST,2024-09-30,69.91,59.28,75.11,68.1
VHP.NZ,,,,,
303.HK,,,,,
7004829Z,,,,,
GRA,2020-12-31,59.39,70.04,71.26,66.9
6727.T,,,,,
1605.TW,,,,,
1782596D.PA,,,,,
WMB,2024-09-30,55.69,57.46,63.65,58.93
WPK.TO,,,,,
6285.TW,,,,,
WDAY,2024-10-31,60.35,51.19,68.71,60.08
FIVE,2024-11-02,85.48,37.27,76.19,66.31
XP,2024-09-30,70.28,75.97,68.32,71.52
3626151Z.BO,,,,,
ZBRA,2024-12-31,60.04,60.48,65.99,62.17
300068.SZ,,,,,
ZTO,2024-09-30,87.15,86.47,75.54,83.05
ABEV3.SA,,,,,
ASM.AS,,,,,
AZO,2024-11-23,44.13,60.05,63.64,55.94
AVV.L,,,,,
BAKK.L,,,,,
BRSR3.SA,,,,,
BSL.AX,,,,,
BC,2024-12-31,53.65,61.15,62.33,59.04
CCO.TO,,,,,
CAT.JO,,,,,
CCC,2020-12-31,60.67,70.03,70.67,67.12
2801.TW,,,,,
CDAY,2023-09-30,58.46,65.14,65.49,63.03
728.HK,,,,,
TRPL4.SA,,,,,
1369834Z.L,,,,,
CMCSA,2024-12-31,57.57,64.1,67.44,63.03
1721.T,,,,,
SCOR,2024-09-30,69.53,67.51,71.38,69.47
CEG,2024-09-30,72.89,68.85,67.02,69.59
8253.T,,,,,
042660.KS,,,,,
3880.T,,,,,
DRRD,,,,,
DNB,2024-09-30,65.67,66.29,62,64.65
3211.TW,,,,,
EXR.L,,,,,
FIS,2024-12-31,45.59,52.76,61.28,53.21
FLS,2024-09-30,62.5,61.52,66.57,63.53
FCN,2024-09-30,69.3,67.82,64.33,67.15
FUR.AS,,,,,
GFSA3.SA,,,,,
GGBR4.SA,,,,,
FI-N,,,,,
GRASIM.BO,,,,,
EVRG,2024-09-30,68.25,74.54,65.21,69.33
GNC.L,,,,,
1808.T,,,,,
HE,2024-09-30,70.59,65.57,66.87,67.68
8377.T,,,,,
HDFC.BO,,,,,
009540.KS,,,,,
010620.KS,,,,,
IL0A.L,,,,,
ITM.MI,,,,,
8273.T,,,,,
KYGA.L,,,,,
010130.KS,,,,,
2525Z.DE,,,,,
8848.T,,,,,
LEO.DE,,,,,
QRTEA,2024-09-30,39.49,47.88,52.43,46.6
LPX,2024-09-30,38.65,51.9,60.99,50.51
6592.T,,,,,
6586.T,,,,,
13143Z,,,,,
0017.T,,,,,
MRO.L,,,,,
MGEE,2024-09-30,65.55,72.91,74.1,70.85
PAGE.L,,,,,
TIGO,2023-12-31,61.86,62.77,69.59,64.74
9962.T,,,,,
4041.T,,,,,
8086.T,,,,,
NHY.OL,,,,,
NSG.OL,,,,,
3231.T,,,,,
ODP,2024-09-28,63.06,58.05,73.43,64.85
4768.T,,,,,
4938.TW,,,,,
1279152D.SW,,,,,
POT.NZ,,,,,
PLZL,,,,,
PZC.L,,,,,
QMCO,2024-12-31,65.17,65.47,60.05,63.56
RMD,2024-12-31,71.2,73.59,70.73,71.84
4527.T,,,,,
HREN.SW,,,,,
SAMPO.HE,,,,,
032830.KS,,,,,
9065.T,,,,,
SCS.L,,,,,
SCHP.PA,,,,,
9076.T,,,,,
SEIC,2024-09-30,41.6,66.01,63.04,56.88
SGL.DE,,,,,
0069.HK,,,,,
8355.T,,,,,
S92.DE,,,,,
SQM/B.SN,,,,,
SOW.DE,,,,,
028670.KS,,,,,
TEP.PA,,,,,
T.KL,,,,,
TEMN.SW,,,,,
EGIE3.SA,,,,,
UGI,2024-12-31,42.04,56.67,64.43,54.38
VLO,2024-09-30,49.06,61,70.85,60.31
4732.T,,,,,
VMS,,,,,
VIS.MC,,,,,
VCT.L,,,,,
7522.T,,,,,
WFG.TO,,,,,
ELV,2024-09-30,58.82,57.93,56.43,57.73
000063.SZ,,,,,
DOHOL.IS,,,,,
BHW,,,,,
001740.KS,,,,,
033630.KS,,,,,
005300.KS,,,,,
035720.KS,,,,,
AAK.ST,,,,,
"CB,",,,,,
BEP-U.TO,,,,,
TCAP.L,,,,,
THBEV,,,,,
2912.TW,,,,,
NICE.TA,,,,,
SII.PA,,,,,
GLE.L,,,,,
CCC.L,,,,,
DVO.L,,,,,
3003.T,,,,,
4569.T,,,,,
8282.T,,,,,
PGE,,,,,
ICE,2024-12-31,62.29,59.51,53.87,58.55
PAG.L,,,,,
3376.TW,,,,,
2393.TW,,,,,
2392.TW,,,,,
VTC.L,,,,,
QGEN,2024-06-30,53.41,56.73,55.34,55.16
VP/.L,,,,,
HKSAV.HE,,,,,
SONC.LS,,,,,
THEP.PA,,,,,
GEMD.L,,,,,
HEXAB.ST,,,,,
COR.LS,,,,,
NAS.OL,,,,,
HRL,2024-10-27,62.35,69.18,66.68,66.07
ARW,2024-12-31,51.62,59.06,65.1,58.59
2250604Z,,,,,
MLKN,2024-11-30,69.77,69.48,68.04,69.1
1003Z.DE,,,,,
BAKAB.IS,,,,,
3112Z.DE,,,,,
FORR,2024-09-30,54.34,62.95,73.43,63.57
370534Z,,,,,
MRSA5B.SA,,,,,
CPR.MI,,,,,
QFR.OL,,,,,
DISCA,2021-12-31,65.35,69.8,66.87,67.34
PHP.L,,,,,
URC,,,,,
SASA.IS,,,,,
MPI,,,,,
SMM,,,,,
KER,,,,,
AMBUB.CO,,,,,
PSAN.DE,,,,,
ZAYO,2019-12-31,62.85,67.15,70.07,66.69
0208653D.TO,,,,,
794228Z,,,,,
RSYS,2002-06-30,61.16,54.83,56.87,57.62
LOGN3.SA,,,,,
6051Z.L,,,,,
0165873D.L,,,,,
DFS.L,,,,,
CMG,2024-12-31,52.93,61.12,67.57,60.54
AXW.PA,,,,,
LAT.PA,,,,,
1299.HK,,,,,
JSW,,,,,
ZWC,,,,,
7242.T,,,,,
004490.KS,,,,,
CLIG.L,,,,,
CMO.MC,,,,,
FPARA.ST,,,,,
2232.HK,,,,,
SLAB,2024-12-28,71.44,61.21,63.36,65.34
CLW,2024-09-30,78.54,72.02,67.86,72.81
ACM,2024-12-31,62.75,45.85,64.45,57.68
ALB,2024-12-31,58.28,68.96,75.72,67.65
ARE,2024-12-31,64.04,56.53,59.17,59.92
BFH,2024-12-31,16.85,27.12,20.32,21.43
AWI,2024-09-30,57.98,74.95,72.92,68.62
DKS,2024-11-02,44.21,51.89,64.02,53.37
FDS,2024-11-30,55.2,51.04,66.65,57.63
CLI,2021-09-30,60.87,61.55,62.17,61.53
MNST,2024-09-30,51.14,47.31,57.65,52.03
NATI,2023-06-30,61.77,76.44,67.51,68.57
OSK,2023-09-30,69.17,69.1,73.58,70.62
STLD,2024-09-30,55.38,53.85,62.13,57.12
ULTA,2024-11-02,44.87,63.61,71.5,59.99
TRN,2024-09-30,60.27,64.2,71.09,65.19
JW/A,,,,,
FB,2022-03-31,58.59,59.92,64.17,60.89
ALDAR,,,,,
EME,2024-09-30,83.32,70.47,74.73,76.17
15743Z,,,,,
9990460Z,,,,,
RIV.L,,,,,
BGEO.L,,,,,
VKE.JO,,,,,
SLCE3.SA,,,,,
ARZZ3.SA,,,,,
MDIA3.SA,,,,,
ASUZU.IS,,,,,
EXR,2024-09-30,47.64,57.94,55.68,53.75
HUN,2024-09-30,57.5,67.42,71.48,65.47
THRM,2024-09-30,81.84,65.56,71.95,73.12
NST.AX,,,,,
AXL,2024-12-31,65.92,69.62,70.47,68.67
CDW,2024-09-30,40.09,44.65,68.42,51.05
3380.TW,,,,,
3092.TW,,,,,
BANB.SW,,,,,
1910.HK,,,,,
4186.T,,,,,
8008.T,,,,,
9413.T,,,,,
9956.T,,,,,
ITP.TO,,,,,
TKNSA.IS,,,,,
MBK,,,,,
UNACEMC1,,,,,
175330.KS,,,,,
114810.KS,,,,,
035420.KS,,,,,
CMW.AX,,,,,
SOL.MI,,,,,
5741.T,,,,,
7956.T,,,,,
LABB.MX,,,,,
3946.T,,,,,
002475.SZ,,,,,
NP,2021-09-30,67.3,75.38,69.77,70.82
7283.T,,,,,
5992.T,,,,,
7284.T,,,,,
7247.T,,,,,
5184.T,,,,,
6493.T,,,,,
3569.T,,,,,
7231.T,,,,,
5975.T,,,,,
5632.T,,,,,
SKECLZ.KS,,,,,
KOMIPO.KS,,,,,
QNBK.QA,,,,,
4516.T,,,,,
6098.T,,,,,
3048.T,,,,,
MONC.MI,,,,,
OSB.L,,,,,
VGP.BR,,,,,
ALPEKA.MX,,,,,
BURL,2024-11-02,88.91,87.7,91.9,89.5
GRNG.ST,,,,,
TML.BO,,,,,
003720.KS,,,,,
5707.T,,,,,
1409.TW,,,,,
2449.TW,,,,,
ICNT,,,,,
KFY,2024-10-31,60.92,86.45,79.19,75.52
002705.SZ,,,,,
BLKB,2024-09-30,74.14,72.04,76.53,74.24
0212648D.AS,,,,,
TLSUQ,,,,,
1884.T,,,,,
4403.T,,,,,
4008.T,,,,,
1059Z,,,,,
ZG,2024-12-31,51.99,47.38,61.32,53.56
SONACOMS.BO,,,,,
AYI,2024-11-30,48.94,56.32,69.6,58.29
FAF,2024-09-30,0.58,38.24,63.51,34.11
MYTIL.AT,,,,,
BME.L,,,,,
WIZZ.L,,,,,
PRTC.L,,,,,
SAB1L,,,,,
RWAY.MI,,,,,
9627.T,,,,,
7180.T,,,,,
NNIT.CO,,,,,
AER,2024-09-30,49.86,48.46,57.3,51.87
IBST.L,,,,,
1310.HK,,,,,
1332.T,,,,,
8132.T,,,,,
ENT.L,,,,,
CONE,2021-09-30,67.12,70.36,62.67,66.72
7212.T,,,,,
FLTR.L,,,,,
AESB3.SA,,,,,
FTV,2024-09-27,56.85,54.62,62.53,58
2296.T,,,,,
3769.T,,,,,
6755.T,,,,,
POLHO.IS,,,,,
DOOR,2024-03-31,87.58,81.47,74.06,81.04
GYM.L,,,,,
8984.T,,,,,
7476.T,,,,,
2122020Z.L,,,,,
ZS,2024-10-31,48.83,52.59,64.1,55.17
TWNK,2023-09-30,62.5,65.34,74.69,67.51
7613.T,,,,,
RDWR,2024-06-30,18.45,69.54,49.93,45.97
SRI,2024-09-30,68.4,73.79,69.24,70.48
1381.HK,,,,,
300124.SZ,,,,,
338686Z,,,,,
6324.T,,,,,
ENAV.MI,,,,,
DOM.MC,,,,,
GROW.L,,,,,
ESC.BO,,,,,
6800.T,,,,,
6153.TW,,,,,
5274.TW,,,,,
5698.T,,,,,
CNXC,,,,,
IEL.AX,,,,,
STBP3.SA,,,,,
LUG.TO,,,,,
TSM1T,,,,,
AUG1L,,,,,
001060.KS,,,,,
241590.KS,,,,,
PAGS,,,,,
CGEO.L,,,,,
JTC.L,,,,,
ANJT.JK,,,,,
PCA.L,,,,,
FPI.BK,,,,,
9759.T,,,,,
0795125D.KS,,,,,
002851.SZ,,,,,
VVV,2024-12-31,74,79.97,73.48,75.82
1719.T,,,,,
002326,,,,,
3785184Z,,,,,
MSA,2024-12-31,59.38,59.47,61.6,60.15
ERO.TO,,,,,
300760.SZ,,,,,
MKTX,2024-09-30,60.53,75.81,72.4,69.58
6641.T,,,,,
2345.TW,,,,,
224131Z.PA,,,,,
PPH.L,,,,,
FIHO12.MX,,,,,
AGUA*.MX,,,,,
BZUN,2023-12-31,62.52,62.93,63.92,63.12
TECO2,,,,,
67995MF,,,,,
1046710D.BO,,,,,
O5G.DE,,,,,
0891540D.AS,,,,,
3264.TW,,,,,
5018.T,,,,,
N91.L,,,,,
BUFAB.ST,,,,,
BCPC,2024-09-30,83.89,70.93,67.03,73.95
TPRO.MI,,,,,
5001277Z,,,,,
1748576D.T,,,,,
4532.TW,,,,,
TAKEZ.T,,,,,
0975605D.L,,,,,
7028965Z.DE,,,,,
600522.SZ,,,,,
601100.SZ,,,,,
002821.SZ,,,,,
YOU.DE,,,,,
MAREL.AS,,,,,
AKSGY.IS,,,,,
BPAN4.SA,,,,,
CLSN.L,,,,,
CPA1T,,,,,
CRAYN.OL,,,,,
CCPR3.SA,,,,,
6134.T,,,,,
GRE.MC,,,,,
SOMA3.SA,,,,,
HTWS.L,,,,,
LJQQ3.SA,,,,,
MEDCL.PA,,,,,
MIPS.ST,,,,,
MTRE3.SA,,,,,
SKO.NZ,,,,,
326030.KS,,,,,
WOSG.L,,,,,
GAS.MI,,,,,
7337.T,,,,,
133535Z.L,,,,,
9682.T,,,,,
4826.T,,,,,
4687.T,,,,,
4996.T,,,,,
1873735D,,,,,
6737.T,,,,,
6214.TW,,,,,
GAMA.L,,,,,
1864083D,,,,,
1615903D.L,,,,,
064350.KS,,,,,
3473926Z,,,,,
WEN,2024-09-29,78.97,70.23,70.53,73.24
ASAI3.SA,,,,,
9110.T,,,,,
0096150D.ST,,,,,
025100,,,,,
LUG,,,,,
8173.T,,,,,
1337.HK,,,,,
8187593Z.IS,,,,,
TEF.L,,,,,
GFT.DE,,,,,
401159Z,,,,,
RDOR3.SA,,,,,
361610.KS,,,,,
5930,,,,,
FAST.AS,,,,,
SCGP.BK,,,,,
EMBASSY.BO,,,,,
EMBRACB.ST,,,,,
AKH.OL,,,,,
PTON,2024-12-31,65.39,70.42,62.64,66.15
WIX.L,,,,,
VNT,2024-12-31,61.66,61.34,61.23,61.41
3182.T,,,,,
4968.T,,,,,
5857.T,,,,,
3964.T,,,,,
8399.T,,,,,
3328.T,,,,,
9658.T,,,,,
4215.T,,,,,
4275.T,,,,,
9099.T,,,,,
8014.T,,,,,
4820.T,,,,,
9470.T,,,,,
7433.T,,,,,
5902.T,,,,,
6200.T,,,,,
4743.T,,,,,
2124.T,,,,,
6055.T,,,,,
7600.T,,,,,
7513.T,,,,,
7949.T,,,,,
3543.T,,,,,
6349.T,,,,,
5440.T,,,,,
3132.T,,,,,
3978.T,,,,,
6264.T,,,,,
7456.T,,,,,
4249.T,,,,,
1973.T,,,,,
7943.T,,,,,
2001.T,,,,,
5959.T,,,,,
6914.T,,,,,
1871.T,,,,,
7034.T,,,,,
1926.T,,,,,
4022.T,,,,,
4220.T,,,,,
2910.T,,,,,
7944.T,,,,,
4633.T,,,,,
1961.T,,,,,
4471.T,,,,,
6287.T,,,,,
4726.T,,,,,
8050.T,,,,,
3697.T,,,,,
1952.T,,,,,
2395.T,,,,,
7607.T,,,,,
6197.T,,,,,
2471.T,,,,,
8934.T,,,,,
8137.T,,,,,
3179.T,,,,,
6432.T,,,,,
6768.T,,,,,
3201.T,,,,,
1805.T,,,,,
3415.T,,,,,
6351.T,,,,,
074600.KS,,,,,
6750.T,,,,,
8275.T,,,,,
6989.T,,,,,
7380.T,,,,,
7213.T,,,,,
9090.T,,,,,
9788.T,,,,,
8793.T,,,,,
9147.T,,,,,
1786.T,,,,,
3544.T,,,,,
4098.T,,,,,
6058.T,,,,,
2735.T,,,,,
6298.T,,,,,
MBG.DE,,,,,
SLVM,2024-09-30,49.67,63.03,69.98,60.89
8150.TW,,,,,
DASA3.SA,,,,,
002028,,,,,
MEGA3.SA,,,,,
TENERGY.AT,,,,,
STAG,2024-12-31,57.6,58.48,61.92,59.33
AURE3.SA,,,,,
NOVA,2024-09-30,81.08,74.5,66.64,74.07
3249,,,,,
ASAN,2024-10-31,70.74,61.46,63.45,65.22
FLNG.OL,,,,,
1257.HK,,,,,
SWB.KL,,,,,
ARLO,2024-09-29,79.4,67.15,66.72,71.09
8341.T,,,,,
Not found,,,,,
ABMRF,,,,,
ACC.NS,,,,,
ACXIF,,,,,
ACR.F,,,,,
ATVI,2023-06-30,46.53,52.5,57.38,52.14
ADVOF,,,,,
0O77.IL,,,,,
ACEJF,,,,,
ACSAF,,,,,
3711.TW,,,,,
AGO.WA,,,,,
TSX:AEM,,,,,
8527.T,,,,,
AIL.DE,,,,,
0HBQ.L,,,,,
AKAAF,,,,,
ALFVF,,,,,
RAIL3.SA,,,,,
ALBKF,,,,,
ALLN.SW,,,,,
AOMD.DE,,,,,
ALSRF,,,,,
6113.T,,,,,
AMZN,2024-12-31,47.98,58.68,53.68,53.44
AMBUJACEM.BO,,,,,
0HF6.L,,,,,
0HF3.L,,,,,
AMLTF,,,,,
ANFGF,,,,,
8304.T,,,,,
AMSYF,2024-09-30,74.27,46.51,68.87,63.22
DEVOBA,,,,,
ASIANPAINT.BO,,,,,
ASML,2023-12-31,66.84,71.28,66.59,68.24
ALPMF,,,,,
0OA7.L,,,,,
ARZGF,,,,,
AZN,2023-12-31,54.77,62.47,57.99,58.41
ATAZF,,,,,
ATRLJ-B.ST,,,,,
ASTVF,,,,,
AUKUF,,,,,
NASDAQ:ADP,,,,,
AXISBANK.BO,,,,,
BALL,2024-09-30,24.4,20.27,22.29,22.32
BLDP,2019-12-31,50,50,50,50
BALN.SW,,,,,
BRSR5.SA,,,,,
BIRG,,,,,
SAN.WA,,,,,
8522.T,,,,,
BNS,2024-10-31,71.13,70,67.77,69.63
BKIMF,,,,,
GOLD,2023-09-30,47.06,69.7,76.35,64.37
BAYN.SG,,,,,
0AH7.L,,,,,
BCE,2020-06-30,72.4,55.6,75.9,67.97
BIOCON.BO,,,,,
0R1B.L,,,,,
BLSFF,,,,,
BAMXF,,,,,
0HOT.L,,,,,
BPE5.DE,,,,,
0HOY.L,,,,,
BVHMF,,,,,
BMBLF,,,,,
BTVCF,,,,,
AVGO,2024-11-03,54.09,51.56,62.87,56.17
BZLFF,,,,,
BBRYF,,,,,
BYIT.L,,,,,
CNE,,,,,
CP,2024-09-30,53.14,52.91,74.36,60.14
TSX: CTC.A,,,,,
CM,2024-10-31,64,75.39,70.7,70.03
CAPMF,,,,,
CABHF,,,,,
MRN,,,,,
0HTG.L,,,,,
CCC.WA,,,,,
CPYYF,,,,,
CEZ.PR,,,,,
0A18.L,,,,,
CHG.L,,,,,
6412.T,,,,,
0728.HK,,,,,
CIG,2023-12-31,67.16,64.33,64.41,65.3
TRPL3.SA,,,,,
5832.T,,,,,
TW-2412,,,,,
0R13.L,,,,,
COYJF,,,,,
C09.SI,,,,,
CLAS-B.ST,,,,,
NYSE:CL,,,,,
CGECF,,,,,
C52.SI,,,,,
CBHD.DE,,,,,
COLR.BR,,,,,
CFRHF,,,,,
DT,2024-12-31,62.76,60.96,66.24,63.32
2313.TW,,,,,
CSGP,2024-09-30,35.45,43.82,65.21,48.16
CSAN,2023-12-31,57.92,61.76,62.37,60.68
1199.HK,,,,,
CRWKF,,,,,
CRBN,,,,,
COIHF,,,,,
CYRE3.SA,,,,,
Error: 'ascii' codec can't encode characters in position 33-39: ordinal not in range(128),,,,,
BSN.DE,,,,,
D05.SI,,,,,
DCCPF,,,,,
DELRF,,,,,
DCHPF,,,,,
0YCP.L,,,,,
DENKF,,,,,
DB1.DE,,,,,
DHL.DE,,,,,
DDCCF,,,,,
DMPZF,,,,,
DRW8.DE,,,,,
DSDVF,,,,,
DXCO3.SA,,,,,
3211,,,,,
ENAKF,,,,,
EJT1.DE,,,,,
EGFEF,,,,,
RS1.L,,,,,
0O5H.IL,,,,,
ENGGF,,,,,
EMP.A,,,,,
ENGI11.SA,,,,,
ERF,2024-03-31,61.47,78.92,76.14,72.18
0N9S.IL,,,,,
Trading symbol EOG on New York Stock Exchange,,,,,
NYSE:EQR,,,,,
ECR.MC,,,,,
ERCG.DE,,,,,
EI.SW,,,,,
ETL.PA,,,,,
EVN.VI,,,,,
0IRF.IL,,,,,
0IJN.L,,,,,
FCR.UN,,,,,
FHN,2024-06-30,56.52,64.14,65.94,62.2
FI,2024-09-30,89.87,80.88,78.84,83.2
0L9Q.L,,,,,
FSL.BO,,,,,
FBU.AX,,,,,
FLIDF,,,,,
FOJCF,,,,,
FNV,2024-06-30,55.13,54.92,62.3,57.45
FNLPF,,,,,
GASNF,,,,,
GECFF,,,,,
GENSF,,,,,
GGBR3.SA,,,,,
FCHRF,,,,,
GRRMF,,,,,
GIL,2024-09-30,72.69,82.29,78.55,77.84
GLAPF,,,,,
GLAXF,2024-06-30,76.26,68.42,72.37,72.35
GMKN.ME,,,,,
GODREJCP.BO,,,,,
E5H.SI,,,,,
GRASIM.NS,,,,,
GPEAF,,,,,
GNCGF,,,,,
GWWTF,,,,,
GIFLF,2023-12-31,73.28,49.26,50.79,57.78
GCC,,,,,
HMSB.DE,,,,,
HRUFF,,,,,
HLMA,,,,,
9042.T,,,,,
HOG,2024-09-30,50.3,57.31,72.32,59.98
HL.L,,,,,
HDD.DE,,,,,
8276.T,,,,,
HELNF,,,,,
HMI.DE,,,,,
0J50.L,,,,,
HIK:LN,,,,,
HINDNATGLS.NS,,,,,
HINDZINC.NS,,,,,
HCXLF,,,,,
3865.T,,,,,
HOCFF,,,,,
HCHDF,,,,,
HCMLF,,,,,
0003.HK,,,,,
H78.SI,,,,,
HBBHF,,,,,
0005.HK,,,,,
2880.TW,,,,,
8386.T,,,,,
0K9W.IL,,,,,
8368.T,,,,,
IBE1.DE,,,,,
069960.KS,,,,,
ICICIBANK.BO,,,,,
5019.T,,,,,
6174815Z.SA,,,,,
IMYSF,,,,,
IMIAF,,,,,
IPXAF,,,,,
IHCPF,,,,,
IDEXF,,,,,
IFPJF,,,,,
INFY.NS,,,,,
TSX: IFC,,,,,
IKTSF,,,,,
IITSF,,,,,
ISRG,2024-12-31,51.4,49.78,59.52,53.56
INJJF,,,,,
KINV-B.ST,,,,,
IPSOF,,,,,
8001.T,,,,,
ISB.IC,,,,,
0RP4.L,,,,,
ITSA3.SA,,,,,
IVCGF,,,,,
JFROF,,,,,
JISLJALEQS.NS,,,,,
JHX,2024-03-31,60.51,64.91,63.97,63.13
JCDXF,,,,,
5411.T,,,,,
JMPLY,,,,,
JSWSTEEL.NS,,,,,
4521.T,,,,,
4613.T,,,,,
9006.T,,,,,
KMR,,,,,
KGH.WA,,,,,
0683.HK,,,,,
KESKOA.HE,,,,,
KCDMF,,,,,
KGP.L,,,,,
KGC,2024-06-30,66.51,69.43,74.57,70.17
4970.T,,,,,
4547.T,,,,,
KLBN11.SA,,,,,
KOTAKBANK.BO,,,,,
KRNNF,,,,,
1951.T,,,,,
LOR.DE,,,,,
LGDDF,,,,,
0F29.L,,,,,
LGGNF,,,,,
LYG,2024-06-30,59.16,82.06,70.61,70.61
LSEG,,,,,
LKOH.ME,,,,,
LUN,,,,,
MOH.DE,,,,,
MTB,2024-09-30,51.08,64.24,55.42,56.91
MBUMY,,,,,
NYSE:M,,,,,
MGA,2024-09-30,58.4,65.61,68.21,64.07
M&M.NS,2024-11-02,57.57,71.17,63.62,64.12
MAKSF,,,,,
MFI,,,,,
MARICO.BO,,,,,
8002.T,,,,,
MMK.VI,,,,,
3088.T,,,,,
MDBPF,,,,,
2886.TW,,,,,
MLSPF,,,,,
0QQ7.L,,,,,
TIGO-SDB.ST,,,,,
0O6D.L,,,,,
MRCHF,,,,,
MITFF,,,,,
MFG,2024-09-30,58.84,68.98,75.35,67.72
MSLOF,,,,,
MONDF,,,,,
MCRUF,,,,,
ADANIPORTS.NS,,,,,
VTRS,2024-09-30,62.45,63.11,74.59,66.72
7832.T,,,,,
NBK on the Kuwait Stock Exchange,,,,,
MCG.L,,,,,
NNGF.DE,,,,,
036570.KS,,,,,
NEF.DE,,,,,
NGT.TO,,,,,
5333.T,,,,,
NGKSF,,,,,
8056.T,,,,,
6779.T,,,,,
4114.T,,,,,
NPSGF,,,,,
NOA3.DE,,,,,
NHYKF,,,,,
NDA-DK.CO,,,,,
NSKOG.OL,,,,,
NPH.JO,,,,,
TSX: NPI,,,,,
NOVC.DE,,,,,
NVSEF,2024-12-31,82.52,69.59,73.05,75.05
9007.T,,,,,
NYKRE,,,,,
POST.VI,,,,,
OMV.DE,,,,,
0KBK.L,,,,,
SNGNF,,,,,
ORPEF,,,,,
5541.T,,,,,
0QYR.L,,,,,
PAY.L,,,,,
PEAB-B.ST,,,,,
PES.DE,,,,,
PBA,2024-06-30,56.59,64.86,79,66.82
PEGRF,,,,,
PDRDF,,,,,
PGEJF,,,,,
PHI1.DE,,,,,
DISAU,2023-09-30,81.86,73.21,78.77,77.95
0KIT.L,,,,,
PXD,2024-03-31,51.7,58.44,62.43,57.52
0OQ0.L,,,,,
2685.T,,,,,
DRPRF,,,,,
LON:PFD,,,,,
HBR.L,,,,,
PBSFF,,,,,
FPLPF,,,,,
2378.HK,,,,,
0QO8.L,,,,,
PRYMF,,,,,
PGPEF,,,,,
PMMAF,,,,,
PZCUY,,,,,
RED.MC,,,,,
RAIFF,,,,,
RAA.DE,,,,,
3RB.DE,,,,,
RDEB.DE,,,,,
RGA,2024-09-30,44.5,63.23,60.89,56.21
IWGFF,,,,,
NYSE:RF,,,,,
RRX,2024-09-30,69.41,71.13,79.32,73.29
RNL.DE,,,,,
BB,2024-11-30,79.22,72.99,70.72,74.31
0NZN.L,,,,,
RKWBF,,,,,
RCI,2024-09-30,59.71,62.16,70.87,64.25
RRU.DE,,,,,
RY,2024-10-31,67.5,77.53,64.86,69.97
IDS.L,,,,,
7453.T,,,,,
RHCGF,,,,,
SAAB-B.ST,,,,,
CODGF,,,,,
SSNLF,,,,,
SNYNF,2024-06-30,79.74,77.12,66.65,74.5
8381.T,,,,,
SANM,2024-12-28,50.4,75.89,49.39,58.56
SUVPF,,,,,
7010.SR,,,,,
SVLPF,,,,,
8473.T,,,,,
SBSNF,,,,,
SHNWF,,,,,
SSEZF,,,,,
SA,2024-03-31,83.06,76.72,66.98,75.59
SOMLF,,,,,
S7MB.BE,,,,,
SKHSF,,,,,
8714.T,,,,,
SECCF,,,,,
SVNDF,,,,,
RWI.AS,,,,,
MATR.TO,,,,,
SHECF,,,,,
8227.T,,,,,
5831.T,,,,,
2888.TW,,,,,
SGIOF,,,,,
8303.T,,,,,
SHREECEM.NS,,,,,
SHWDF,,,,,
SKFOF,,,,,
SSRM,2024-09-30,57.89,57.71,67.5,61.03
2890.TW,,,,,
SKF-B.ST,,,,,
SKSBF,,,,,
SMGKF,,,,,
SMFTF,,,,,
SVYSF,,,,,
SZHFF,,,,,
SOLAR-B.CO,,,,,
SMIZF,,,,,
SFT.F,,,,,
SSABAH.HE,,,,,
ABDN,,,,,
STJPF,,,,,
SBGOF,,,,,
STH,,,,,
SUMCF,,,,,
SLF,,,,,
STMNF,,,,,
SMFNF,,,,,
SURDF,,,,,
SUN.AX,,,,,
SZKMF,,,,,
SWGAF,,,,,
SWED-A.ST,,,,,
SSREF,,,,,
SWSDF,,,,,
SWZCF,,,,,
GEN,,,,,
TAH.AX,,,,,
SSMXF,,,,,
TDHOF,,,,,
5880.TW,,,,,
TATACOMM.NS,,,,,
TATAPOWER.BO,,,,,
TCS.NS,,,,,
TATACHEM.NS,,,,,
2531.T,,,,,
TATASTEEL.NS,,,,,
TATYY,,,,,
TECHM.NS,,,,,
TIAOF,,,,,
TEL2-A.ST,,,,,
TELIA1.HE,,,,,
TA1.DE,,,,,
TELNF,,,,,
4863.KL,,,,,
0700.HK,,,,,
TEX,2024-12-31,60.89,61.73,61.36,61.33
TCO0.DE,,,,,
TERRF,,,,,
TGSNF,,,,,
TIMB,2023-12-31,66.74,64.76,68.76,66.75
TRI,2024-09-30,58.3,66.3,67.44,64.02
VANTI.PA,,,,,
9602.T,,,,,
TBURF,,,,,
9533.T,,,,,
0Q0C.L,,,,,
TMRAF,,,,,
TD,2024-10-31,76.18,69.6,72.08,72.62
TTE,2024-09-30,70.3,72.8,76.13,73.08
5310.T,,,,,
Error: 'ascii' codec can't encode characters in position 29-32: ordinal not in range(128),,,,,
0KD1.L,,,,,
TSMRF,,,,,
TGVSF,,,,,
ULTRACEMCO.BO,,,,,
CRIN.DE,,,,,
UUGWF,,,,,
USIM6.SA,,,,,
VER.VI,,,,,
V03.SI,,,,,
PARA,2024-09-30,26.44,56.83,61.24,48.17
VET,2024-06-30,67.56,60.26,69.84,65.89
VWSB.DE,,,,,
VDRFF,,,,,
VAS.DE,,,,,
VOW.WA,,,,,
VODPF,2024-03-31,74.06,76.91,77.1,76.02
WALMEX.MX,,,,,
NYSE:VMC,,,,,
WEIGF,,,,,
WFG,2024-12-31,44.87,74.97,59.81,59.88
MF.PA,,,,,
FERG,2024-10-31,54.71,25.97,41.39,40.69
WIN,,,,,
WIPRO.BO,,,,,
005945.KS,,,,,
WOLWF,,,,,
WPPGF,2023-12-31,62.99,74.2,67.43,68.21
2212.T,,,,,
YESBANK.BO,,,,,
YPF,2023-12-31,65.75,64.35,63.53,64.54
ZENSARTECH.NS,,,,,
ANSGR.IS,,,,,
Error: 'ascii' codec can't encode character '\u200b' in position 35: ordinal not in range(128),,,,,
SISE.IS,,,,,
BHW.WA,,,,,
004000.KS,,,,,
SKC.AX,,,,,
ADANIPOWER.NS,,,,,
AKA.PA,,,,,
BEP,2024-06-30,65.95,63.99,76.71,68.88
LPP.WA,,,,,
KTY.WA,,,,,
SAIC,2024-11-01,50,76.38,72.9,66.43
2344.TW,,,,,
5347.TWO,,,,,
MEIYF,,,,,
KOF.PA,,,,,
ITP.PA,,,,,
0ELV.L,,,,,
ERF.PA,,,,,
AIR.DE,,,,,
TCAP,,,,,
STEM,2024-09-30,77.82,64.92,63.58,68.77
STVG.L,,,,,
TBVPF,,,,,
PTBA.JK,,,,,
2834.TW,,,,,
3532.TW,,,,,
2603.TW,,,,,
NICE,2024-09-30,69.13,45.51,61.63,58.76
ESLT,2024-09-30,47.09,70.16,62.72,59.99
KTB.BK,,,,,
V4TA.BE,,,,,
VIL.PA,,,,,
LON:DPLM,,,,,
BMRI.JK,,,,,
SKB.DE,,,,,
RCDOF,,,,,
INDUSINDBK.BO,,,,,
7004.T,,,,,
6810.T,,,,,
RY4C.DE,,,,,
OXB.L,,,,,
REDD.L,,,,,
LIAB.ST,,,,,
METSA.HE,,,,,
PHM,2024-12-31,50.69,51.15,61.01,54.29
PWR,2024-09-30,51.31,49.61,59.78,53.57
BKNG,2024-09-30,45.9,52.73,58.82,52.48
ORLY,2024-06-30,40,49.35,68.22,52.52
ICL,2023-12-31,59.72,66.93,60.11,62.25
1NBA.DE,,,,,
BIOVF,,,,,
AKBLF,,,,,
UBS,2023-12-31,78.55,66.87,68.58,71.33
HA,2024-06-30,63.64,70.58,57.71,63.98
ICHGF,,,,,
000150.KS,,,,,
BOIVF,,,,,
PFC,2024-09-30,49.9,69.78,69.28,62.99
WALL-B.ST,,,,,
5483.TWO,,,,,
9921.TW,,,,,
8299.TWO,,,,,
VID,,,,,
BKHPF,,,,,
AYYLF,,,,,
UN9.DE,,,,,
0MN5.L,,,,,
GBOOF,,,,,
SNIRF,,,,,
IDDWF,,,,,
0ISM.L,,,,,
WITH.HE,,,,,
TRKNF,,,,,
0QZF.L,,,,,
VODAF,,,,,
GTQ1.DE,,,,,
0HDQ.L,,,,,
STF.PA,,,,,
3034.TW,,,,,
RUBSF,,,,,
AYAAF,,,,,
SGM.DE,,,,,
Error: HTTP Error 401: Unauthorized,,,,,
ZIVO,2024-09-30,62.93,65.15,69.33,65.8
ECMPA.AS,,,,,
DSFIR.AS,,,,,
KMD.AX,,,,,
SWEC-B.ST,,,,,
STE-R.ST,,,,,
0GEG.L,,,,,
SKIS-B.ST,,,,,
ORNAV.HE,,,,,
NKRKF,,,,,
WDGJF,,,,,
BLWYF,,,,,
JSNSF,,,,,
EG7.IR,,,,,
ARMX.AE,,,,,
3694.TW,,,,,
6820.T,,,,,
NLTBF,,,,,
1FC.DE,,,,,
2634.TW,,,,,
BAKAB,,,,,
APLUF,,,,,
MRSA3B.SA,,,,,
CDNIF,,,,,
DOGEF,,,,,
LTIM.NS,,,,,
AMAL,2024-09-30,76.63,74.6,67.89,73.04
TIETOS.ST,,,,,
BRBOF,,,,,
IGD.MI,,,,,
OSSFF,,,,,
0NNC.L,,,,,
8069.TWO,,,,,
ACKB.BR,,,,,
GIMB.BR,,,,,
EURN,2023-12-31,59.97,62.98,64.23,62.39
SHC.L,,,,,
JFHHF,,,,,
CCI,2024-09-30,64.6,49.87,61.75,58.74
LSTR,2024-09-28,56.62,62.79,71.75,63.72
MPCFF,,,,,
EXCL.JK,,,,,
HPOL-B.ST,,,,,
TPG.AX,,,,,
SMBMF,,,,,
KER.WA,,,,,
0IPY.L,,,,,
EQTL3.SA,,,,,
FECCF,,,,,
081660.KS,,,,,
003670.KS,,,,,
0HW0.L,,,,,
6103.T,,,,,
DIE.BR,,,,,
WDP.BR,,,,,
AMADF,,,,,
ASAAF,,,,,
KTCG.VI,,,,,
PAL.VI,,,,,
TATACONSUM.BO,,,,,
MEG,2024-09-30,73.2,84.17,82.77,80.05
HWDJF,,,,,
AWK,2024-09-30,64.78,73.08,74.4,70.75
SRF.NS,,,,,
STLTECH.BO,,,,,
0308213D.AS,,,,,
JBSS,2024-12-26,52.33,74.1,61.87,62.77
BGS,2024-09-28,63.91,72.4,66.14,67.48
5002053Z,,,,,
FTNT,2024-09-30,42.02,46.95,61.81,50.26
RBBN,2024-09-30,85.18,53.11,65.34,67.88
ELSSF,,,,,
WOLF,2024-12-29,0.28,29.32,52.19,27.26
600019.SS,,,,,
ELHA.AT,,,,,
GALAXYSURF.BO,,,,,
SPIE.PA,,,,,
MRE.TO,,,,,
NMAKF,,,,,
688533.SS,,,,,
0303.HK,,,,,
TNTFF,,,,,
AKCNS,,,,,
RAIZ4.SA,,,,,
5096402ZCN,,,,,
CNVVF,,,,,
TTRAK.IS,,,,,
TWE.AX,,,,,
LACR.PA,,,,,
AAGIY,,,,,
APOLLOTYRE.BO,,,,,
LEN.DE,,,,,
BABWF,,,,,
SFRGF,,,,,
138930.KS,,,,,
ADDT-B.ST,,,,,
JSW.WA,,,,,
DLTR,2024-11-02,45.27,50.28,66.12,53.89
139480.KS,,,,,
NXR.L,,,,,
3110.T,,,,,
6136.T,,,,,
ENAT3.SA,,,,,
TOTS3.SA,,,,,
0DH7.L,,,,,
BIOG-B.ST,,,,,
0HR3.L,,,,,
FPAR-A.ST,,,,,
0QVE.L,,,,,
000100.SZ,,,,,
AC.MX,,,,,
BBO Bolsa de Valores de Colombia,,,,,
CMTOY,,,,,
GEB:CB,,,,,
MXCHF,,,,,
CPAXT,,,,,
0320.HK,,,,,
0J2I.L,,,,,
AGCO,2024-09-30,71.54,61.58,44.17,59.1
0HG3.L,,,,,
AJG,2024-09-30,56.65,64.12,56.4,59.06
BIO,2024-12-31,50.9,47.88,58.12,52.3
DECK,2024-12-31,78.5,74.98,72.39,75.29
DLB,2024-09-27,59.89,62.83,60.48,61.07
FL,2024-11-02,44.34,68.86,68.01,60.4
GPN,2024-12-31,44.03,52.23,65.5,53.92
LPLA,2024-09-30,94.74,68.88,84.75,82.79
RYN,2024-09-30,53.53,53.88,53.84,53.75
REG,2024-12-31,62.92,55.52,63.41,60.62
SFD,,,,,
THO,2024-10-31,51.63,57.76,73.49,60.96
ENS,2024-12-29,67.28,62.3,70.81,66.8
600660.SS,,,,,
TIFS.L,,,,,
832694,,,,,
002792.SZ,,,,,
2010.SR,,,,,
6516.T,,,,,
6996.T,,,,,
GFS,2024-09-30,50,66.07,69.52,61.86
AMRC,2024-09-30,80.61,66.74,76.1,74.48
1232Z.MX,,,,,
TTEK,2024-12-29,66.94,69.28,52.3,62.84
NWIDE,,,,,
MUL.L,,,,,
2613.T,,,,,
0676250D,,,,,
PTEC.L,,,,,
BDGSF,,,,,
REC.L,,,,,
TRI.L,,,,,
DSCV.L,,,,,
0973.HK,,,,,
0272.HK,,,,,
DIISF,,,,,
GBNXF,,,,,
VSVS.L,,,,,
FIVE.IL,,,,,
SHOO,2024-09-30,80.79,72.69,70.49,74.66
PCH,2024-12-31,65.08,67.76,64.9,65.91
GODREJPROP.BO,,,,,
XRO.AX,,,,,
BPAC11.SA,,,,,
EZTC3.SA,,,,,
COGN3.SA,,,,,
0QQE.L,,,,,
0IP1.L,,,,,
0KF5.L,,,,,
CRI,2024-09-28,59.43,65.37,63.58,62.79
8960.T,,,,,
TYO: 8697,,,,,
PHOR.ME,,,,,
9302.T,,,,,
8103.TW,,,,,
6168.TW,,,,,
5388.TW,,,,,
300602.SZ,,,,,
0R53.L,,,,,
HANDSC,,,,,
SUP,2024-09-30,68.35,73.22,70,70.52
ZIM,2024-09-30,48.25,73.67,54.35,58.76
7279.T,,,,,
ZWS,2024-06-30,75.81,71.21,64.94,70.65
5351.TWO,,,,,
2458.TW,,,,,
MAHLIFE.NS,,,,,
2478.TW,,,,,
0QND.L,,,,,
RBT,2024-03-31,56.11,77.13,68.16,67.13
YDUQ3.SA,,,,,
2874.T,,,,,
5911.T,,,,,
4553.T,,,,,
3918.HK,,,,,
0425.HK,,,,,
7867.T,,,,,
8074.T,,,,,
CNH,,,,,
AMARAJABAT.NS,,,,,
SBYSF,,,,,
TYMN.L,,,,,
NLMK.ME,,,,,
A2M.AX,,,,,
DANHOS13.MX,,,,,
3291.T,,,,,
7606.T,,,,,
VEEV,2024-10-31,50,53.76,61.71,55.16
4587.T,,,,,
181710.KS,,,,,
MIO,,,,,
NOG.L,,,,,
GAPB.MX,,,,,
0Y4Q.L,,,,,
VOYJF,,,,,
FDDMF,,,,,
0375408D.PA,,,,,
020000.KS,,,,,
1477.TW,,,,,
3617.TW,,,,,
002444.SZ,,,,,
7215.T,,,,,
5393.T,,,,,
7246.T,,,,,
6461.T,,,,,
WK,2024-09-30,67.33,59.54,71.17,66.01
IGTI11.SA,,,,,
3197.T,,,,,
0ROQ.L,,,,,
0QN0.L,,,,,
0QKB.L,,,,,
LON:JUST,,,,,
GMS.L,,,,,
TTBXF,,,,,
TKFTF,,,,,
DAL.L,,,,,
0HM0.L,,,,,
UPL.NS,,,,,
ARVIND.BO,,,,,
0IPT.L,,,,,
EDVMF,,,,,
0QM6.L,,,,,
INDV,2024-09-30,62.8,64.5,53.04,60.11
6407.T,,,,,
TITC.BR,,,,,
PERSISTENT.BO,,,,,
5602.T,,,,,
TATAMETALI.NS,,,,,
4221.T,,,,,
GEGYF,,,,,
3689,,,,,
4919.TW,,,,,
ICIL.BO,,,,,
GGPS3.SA,,,,,
OEC,2024-09-30,68.54,58.79,58.73,62.02
2312.TW,,,,,
SH.603281,,,,,
002456.SZ,,,,,
603118.SS,,,,,
CURY.L,,,,,
603013.SS,,,,,
2355.TW,,,,,
6965649Z.MX,,,,,
6456.TW,,,,,
1979.HK,,,,,
EBQ.L,,,,,
SONATSOFTW.BO,,,,,
CXM,2024-10-31,59.28,59.78,64.14,61.07
4116.T,,,,,
CAML3.SA,,,,,
TLS,2024-09-30,63.75,65.43,65.68,64.95
SYNGENE.NS,,,,,
600601.SS,,,,,
6277.T,,,,,
PLCE,2024-11-02,24.07,39.74,61.38,41.73
688055.SS,,,,,
AXTEL.BO,,,,,
CLNXF,,,,,
PRTC,2023-12-31,69.34,69.71,68.41,69.15
ALSO3.SA,,,,,
LAGR-B.ST,,,,,
1COV.F,,,,,
BCART.BR,,,,,
MRL.MC,,,,,
0R40.L,,,,,
IFSUF,,,,,
CRFSA,,,,,
HSW.L,,,,,
2127.T,,,,,
7846.T,,,,,
PNDX-B.ST,,,,,
DXCM,2024-09-30,51.48,51.16,61.48,54.71
FANG,2024-09-30,64.34,74.85,62.78,67.32
PTC,2024-12-31,51.21,58.16,75.63,61.67
YELP,2024-09-30,72.54,71.35,65.27,69.72
IBJHF,,,,,
PITAF,,,,,
CHRRF,,,,,
7113.KL,,,,,
PWON.JK,,,,,
1264Z.CO,,,,,
1893.T,,,,,
 GCO,,,,,
1333.T,,,,,
8043.T,,,,,
 DAR,,,,,
SAPR11.SA,,,,,
1899.HK,,,,,
HRT,2024-03-31,57.55,61.68,77.52,65.58
002016.SZ,,,,,
ETWO,2024-05-31,76.48,75.59,71.3,74.46
6798.T,,,,,
300123.SZ,,,,,
002026.SZ,,,,,
ORIENTCEM.BO,,,,,
PTVE,2024-09-30,65.62,59.18,63.54,62.78
JKTYRE.NS,,,,,
0QMS.L,,,,,
VESTA.MX,,,,,
BID.JO,,,,,
ENELCHILE.SN,,,,,
LILA,2024-09-30,61.8,66.56,79.1,69.15
7189.T,,,,,
GRGSF,,,,,
LTTS.BO,,,,,
RBLBANK.BO,,,,,
0G1T.L,,,,,
VACN.SW,,,,,
DALBHARAT.BO,,,,,
MELI,2024-09-30,59.94,68.16,67.69,65.26
BAMI,,,,,
CRFB3.SA,,,,,
603456.SS,,,,,
300856.SZ,,,,,
CSIQ,2024-09-30,73.82,71.35,77.81,74.33
JSG.L,,,,,
6486.TWO,,,,,
0403.HK,,,,,
COUP,2022-10-31,62.44,62.02,63.84,62.77
300907.SZ,,,,,
4708.T,,,,,
301003.SZ,,,,,
DHGAF,,,,,
ESSITY-B.ST,,,,,
6488.TWO,,,,,
GLVHF,,,,,
3288.T,,,,,
PCZ.DE,,,,,
TTALF,,,,,
0RPZ.L,,,,,
688070.SS,,,,,
TBCCF,,,,,
GRWXF,,,,,
B4B3.DE,,,,,
3105.TWO,,,,,
2057.HK,,,,,
INREF,,,,,
HZN,2022-06-30,84.48,80.37,74.25,79.7
6112.TW,,,,,
1616.TW,,,,,
6844.T,,,,,
GTT,2020-03-31,68.5,78.01,70.11,72.21
5702.T,,,,,
7296.T,,,,,
000970.SZ,,,,,
600067.SS,,,,,
2015.TW,,,,,
002328.SZ,,,,,
002139.SZ,,,,,
1609.TW,,,,,
5274.TWO,,,,,
1729.HK,,,,,
02341,,,,,
300593.SZ,,,,,
COHR,2024-12-31,52.99,63.64,69.2,61.94
PSN,2024-09-30,75.98,70.05,68.69,71.57
002855.SZ,,,,,
3627,,,,,
6558.TW,,,,,
0636.HK,,,,,
5288.KL,,,,,
267260.KS,,,,,
XELA,2024-09-30,39.05,70.23,64.79,58.02
PTBL3.SA,,,,,
002553.SZ,,,,,
603380.ss,,,,,
IDPUF,,,,,
UNI.MC,,,,,
VBBR3.SA,,,,,
0YSU.L,,,,,
ELKEF,,,,,
0R4M.L,,,,,
TSMTF,,,,,
PPH.JO,,,,,
ADANIENSOL.BO,,,,,
2269.HK,,,,,
ENOG.TA,,,,,
006060.KS,,,,,
600549.SS,,,,,
ZAIN.KW,,,,,
AMGDF,,,,,
5371.TWO,,,,,
ATRAV.HE,,,,,
ORTHEX.HE,,,,,
APETIT.HE,,,,,
PSTG,2024-11-03,64.28,55.78,55.56,58.54
1582.TW,,,,,
BKI,2023-09-30,67.61,72.5,71.75,70.62
TENG.L,,,,,
301187.SZ,,,,,
002455.SZ,,,,,
600366.SS,,,,,
2071,,,,,
GRAPHITE.BO,,,,,
002594.SZ,,,,,
002831.SZ,,,,,
000049.SZ,,,,,
688567.SS,,,,,
3217.TWO,,,,,
SEQL3.SA,,,,,
ELF,2024-12-31,48.71,53.84,56.22,52.92
AARTIIND.NS,,,,,
002326.SZ,,,,,
VOLCAR-B.ST,,,,,
EQGPF,,,,,
TKO.PA,,,,,
9434.T,,,,,
601138.SS,,,,,
TWKS,2024-06-30,71.92,59.65,60.24,63.94
VPLAY-A.ST,,,,,
SBLK,2024-09-30,69.62,69.46,69.7,69.59
SINCH.ST,,,,,
INTR,2024-09-30,60.2,64.26,60.42,61.63
0QVR.L,,,,,
CPAC,2024-09-30,62.4,66.05,56.31,61.59
AGUA.MX,,,,,
9991.HK,,,,,
MDB,2024-10-31,72.25,76.11,65.88,71.41
TEO,2024-09-30,67.2,75.04,75.24,72.49
2618.HK,,,,,
1707.TW,,,,,
GODREJAGRO.NS,,,,,
RNW,2024-09-30,65.9,61.24,87.96,71.7
AKEL-D.ST,,,,,
SBB-B.ST,,,,,
Taiwan OTC Exchange Ticker Symbol: 3246 TWO,,,,,
5481.T,,,,,
300879.SZ,,,,,
002931.SZ,,,,,
002182.SZ,,,,,
IPEL.L,,,,,
0OQ2.L,,,,,
7408.T,,,,,
VECO,2024-12-31,54.85,64.23,66.35,61.81
KLIC,2024-12-28,83.22,49.66,75.02,69.3
2421.TW,,,,,
FOXF,2024-09-27,65.49,65.07,62.9,64.49
837375,,,,,
FRPT,2024-09-30,57.78,65,60.72,61.17
0J1G.L,,,,,
RENEW.ST,,,,,
0RU6.L,,,,,
2329.TW,,,,,
TMST,2023-09-30,66.88,75.65,63.68,68.74
AYDEM,,,,,
EMIRATESNBD.AE,,,,,
600498.SS,,,,,
TYO: 6920,,,,,
CARR,2024-12-31,67.92,63.7,59.23,63.62
RST.L,,,,,
MAREL.IC,,,,,
AKSGY,,,,,
GYL,,,,,
CJT.TO,,,,,
SYNE3.SA,,,,,
ECTXF,,,,,
6406.T,,,,,
GPRK,2023-12-31,66.58,63.91,66.69,65.73
GFL,2024-06-30,71.35,83.01,68.3,74.22
GOR.AX,,,,,
HTWSF,,,,,
002920.SZ,,,,,
JDE.DE,,,,,
KMP.UN,,,,,
LOGG3.SA,,,,,
7780.T,,,,,
NEOEN.PA,,,,,
PETZ3.SA,,,,,
TRENT.BO,,,,,
0G67.L,,,,,
688772.SS,,,,,
600580.SS,,,,,
300261.SZ,,,,,
002250.SZ,,,,,
6680.HK,,,,,
301007.SZ,,,,,
002391.SZ,,,,,
600885.SS,,,,,
3479.TW,,,,,
3206,,,,,
603920.SH,,,,,
6275.TW,,,,,
605058.SS,,,,,
AST.WA,,,,,
BGC.BK,,,,,
8084.T,,,,,
9939.TW,,,,,
001218.SZ,,,,,
832127,,,,,
ALFRE.PA,,,,,
0RPY.L,,,,,
6135.T,,,,,
MTLS,2024-09-30,93.75,90.85,73.51,86.04
4548.T,,,,,
3551.T,,,,,
UMG.AS,,,,,
ZI,2024-09-30,65.67,59.7,65.45,63.61
DOCMF,,,,,
CROX,2024-12-31,60.67,57,60.56,59.41
002056.SZ,,,,,
6368.T,,,,,
089030.KQ,,,,,
839890,,,,,
GATC.L,,,,,
BSY,2024-09-30,71.24,73.59,66.26,70.36
ASIX,2024-09-30,54.76,61.48,64.13,60.12
RYAM,2024-09-28,57.96,62.9,56.6,59.15
2419.TW,,,,,
SAYAJIIND.BO,,,,,
MAI.L,,,,,
1763.HK,,,,,
VTSCF,,,,,
0O2W.L,,,,,
JUFO.CA,,,,,
COLD,2024-09-30,56.45,59.24,63.59,59.76
CSL,2024-12-31,43.69,52.46,61.92,52.69
WGO,2024-11-30,73.53,68.56,74.06,72.05
5930.T,,,,,
6951.T,,,,,
CREDITACC.BO,,,,,
5Y7A.F,,,,,
HUBS,2024-12-31,63.2,62.56,58.98,61.58
AZEK,2024-12-31,85.97,89.65,74.11,83.24
OGN,2024-09-30,66,67.07,67.87,66.98
INPOF,,,,,
REXR,2024-12-31,51.62,63.1,62.4,59.04
ACEN,,,,,
ISEC.BO,,,,,
SEDG,2024-09-30,71.85,67.69,65.87,68.47
CERT,2024-09-30,71.23,62.83,73.85,69.3
CHGG,2024-09-30,54.84,60.23,50.08,55.05
SDIP-B.ST,,,,,
SUVENPHAR.BO,,,,,
TTEN3.SA,,,,,
6718.T,,,,,
6291.T,,,,,
5933.T,,,,,
3548.T,,,,,
4481.T,,,,,
Error: 'ascii' codec can't encode characters in position 33-36: ordinal not in range(128),,,,,
6958.T,,,,,
9692.T,,,,,
6905.T,,,,,
9621.T,,,,,
7085.T,,,,,
4611.T,,,,,
1980.T,,,,,
2153.T,,,,,
4549.T,,,,,
9517.T,,,,,
3649.T,,,,,
1813.T,,,,,
3104.T,,,,,
6814.T,,,,,
7990.T,,,,,
7637.T,,,,,
7552.T,,,,,
4410.T,,,,,
8803.T,,,,,
6866.T,,,,,
6745.T,,,,,
3854.T,,,,,
9934.T,,,,,
8098.T,,,,,
4326.T,,,,,
3774.T,,,,,
4028.T,,,,,
7972.T,,,,,
6544.T,,,,,
JPMC,,,,,
9717.T,,,,,
4975.T,,,,,
3465.T,,,,,
9025.T,,,,,
7226.T,,,,,
NXCLF,,,,,
7821.T,,,,,
7925.T,,,,,
6095.T,,,,,
6787.T,,,,,
6455.T,,,,,
9384.T,,,,,
7811.T,,,,,
5011.T,,,,,
4997.T,,,,,
4465.T,,,,,
6490.T,,,,,
6741.T,,,,,
6480.T,,,,,
1515.T,,,,,
6651.T,,,,,
3983.T,,,,,
6644.T,,,,,
3267.T,,,,,
7199.T,,,,,
1435.T,,,,,
6789.T,,,,,
8140.T,,,,,
9900.T,,,,,
5932.T,,,,,
4443.T,,,,,
8061.T,,,,,
8165.T,,,,,
9262.T,,,,,
7816.T,,,,,
6196.T,,,,,
5805.T,,,,,
1979.T,,,,,
4025.T,,,,,
1815.T,,,,,
5074.T,,,,,
8337.T,,,,,
3433.T,,,,,
9960.T,,,,,
8151.T,,,,,
6369.T,,,,,
9058.T,,,,,
8057.T,,,,,
9416.T,,,,,
6089.T,,,,,
1870.T,,,,,
6250.T,,,,,
6240.T,,,,,
9305.T,,,,,
9324.T,,,,,
323410.KS,,,,,
009450.KS,,,,,
057050.KS,,,,,
6409.TW,,,,,
6704.T,,,,,
1975.T,,,,,
4828.T,,,,,
7775.T,,,,,
4072.T,,,,,
5076.T,,,,,
2933.T,,,,,
4463.T,,,,,
8091.T,,,,,
6157.T,,,,,
4979.T,,,,,
7350.T,,,,,
9248.T,,,,,
4931.T,,,,,
4636.T,,,,,
2676.T,,,,,
7971.T,,,,,
4369.T,,,,,
9418.T,,,,,
1885.T,,,,,
6809.T,,,,,
6182,,,,,
DFY.TO,,,,,
VVEO3.SA,,,,,
KD,2024-12-31,60.45,47.25,63.93,57.21
831730,,,,,
002707.SZ,,,,,
NCNO,2024-10-31,71.05,64.27,66.5,67.27
601231.SS,,,,,
GOFORE.HE,,,,,
TW,2024-12-31,63.83,69.63,65.07,66.18
ALCLA.PA,,,,,
002028.SZ,,,,,
300337.SZ,,,,,
8255,,,,,
CFLT,2024-09-30,63.15,62.79,59.6,61.85
KNOW.ST,,,,,
TOM2.AS,,,,,
0KGY.L,,,,,
3882.HK,,,,,
839035.SS,,,,,
300638V,,,,,
4915.TW,,,,,
RVL.TA,,,,,
002913.SS,,,,,
ALDEL.PA,,,,,
605133.SS,,,,,
KTEK.DE,,,,,
301005.SZ,,,,,
688355.SS,,,,,
- 430418,,,,,
839830,,,,,
STK,,,,,
ZD,2024-09-30,64.61,73.08,65.17,67.62
300952.SZ,,,,,
5434.TW,,,,,
CYRX,2024-09-30,63.83,70.78,74.2,69.6
1571.HK,,,,,
073240.KS,,,,,
336370.KS,,,,,
301051.SZ,,,,,
1478.HK,,,,,
SBOK.ST,,,,,
1560.TW,,,,,
6947,,,,,
6789,,,,,
3680.TWO,,,,,
835792,,,,,
2415.TW,,,,,
002866.SZ,,,,,
300857.SZ,,,,,
TREAF,,,,,
2897.TW,,,,,
4985.T,,,,,
ECLERX.BO,,,,,
GEKTERNA.AT,,,,,
CENTUM.BO,,,,,
329180.KS,,,,,
WEYS,2024-09-30,94.79,73.71,75.34,81.28
0L98.L,,,,,
VAR.OL,,,,,
INSE.L,,,,,
Error: 'ascii' codec can't encode characters in position 29-40: ordinal not in range(128),,,,,
ANE.MC,,,,,
2384.T,,,,,
2383.TW,,,,,
NFC.L,,,,,
NMGTSX.V,,,,,
CMCO,,,,,
023810.KS,,,,,
3249.T,,,,,
cury3.SA,,,,,
AGXY3.SA,,,,,
FLNG,,,,,
DOLE,2024-06-30,88.06,69.12,69.6,75.59
CPC.L,,,,,
HLE.DE,,,,,
MTX,2024-09-29,65.33,69.97,66.88,67.39
002228.SZ,,,,,
IOLCP.BO,,,,,
LOCL,2024-09-30,69.79,69.35,69.72,69.62
AHWSF,,,,,
WPS.L,,,,,
5211.KL,,,,,
TEGA3.SA,,,,,
8131.TW,,,,,
(:6263),,,,,
SKE,2024-09-30,91.58,81.66,71.96,81.73
EAPIF,,,,,
SQZ.L,,,,,
HLNCF,2023-12-31,60.51,68.94,67.34,65.6
KETL.L,,,,,
BREE.L,,,,,
3309.T,,,,,
3481.T,,,,,
BEWI.OL,,,,,
MAXN,2024-09-30,57.27,59.99,49.58,55.61
4968.TW,,,,,
6269.TW,,,,,
APEI,2024-09-30,54.07,62.73,62.08,59.63
CWT,2024-09-30,58.62,61.9,59,59.84
FWRD,2024-09-30,52.85,51.8,53.91,52.85
MODV,2024-09-30,51.87,68.22,58.34,59.48
OMI,2024-09-30,64.38,58.68,62.54,61.87
QTWO,2024-12-31,70.8,66.19,59.1,65.36
GOTO.JK,,,,,
AR4.DE,,,,,
PBRX.JK,,,,,
YINS,,,,,
FMGOETZE.NS,,,,,
PCBL.BO,,,,,
SUNFLAG.BO,,,,,
BHCCF,,,,,
TFW.L,,,,,
CFC.DE,,,,,
DZSI,2024-09-30,65.47,68.52,65.96,66.65
300127.SZ,,,,,
002014.SZ,,,,,
688166.SS,,,,,
002318.SZ,,,,,
002489,,,,,
AXISCADES.BO,,,,,
2608.TW,,,,,
835185.BJ,,,,,
301281.SZ,,,,,
600160.SS,,,,,
300686.SZ,,,,,
HAA1.F,,,,,
6120.TW,,,,,
301308.SZ,,,,,
301307.SZ,,,,,
3138.TW,,,,,
ALMIL.PA,,,,,
8210.TW,,,,,
688087.SH,,,,,
TFPM,2024-09-30,75.98,66.71,62.81,68.5
2450.TW,,,,,
